-- --------------------------------------------------------
-- Host:                         127.0.0.1
-- Versión del servidor:         8.0.42 - MySQL Community Server - GPL
-- SO del servidor:              Win64
-- HeidiSQL Versión:             12.11.0.7087
-- --------------------------------------------------------

/*!40101 SET @OLD_CHARACTER_SET_CLIENT=@@CHARACTER_SET_CLIENT */;
/*!40101 SET NAMES utf8 */;
/*!50503 SET NAMES utf8mb4 */;
/*!40103 SET @OLD_TIME_ZONE=@@TIME_ZONE */;
/*!40103 SET TIME_ZONE='+00:00' */;
/*!40014 SET @OLD_FOREIGN_KEY_CHECKS=@@FOREIGN_KEY_CHECKS, FOREIGN_KEY_CHECKS=0 */;
/*!40101 SET @OLD_SQL_MODE=@@SQL_MODE, SQL_MODE='NO_AUTO_VALUE_ON_ZERO' */;
/*!40111 SET @OLD_SQL_NOTES=@@SQL_NOTES, SQL_NOTES=0 */;

-- Volcando datos para la tabla el_buen_sabor.articulo_insumo: ~27 rows (aproximadamente)
INSERT INTO `articulo_insumo` (`id`, `fecha_alta`, `fecha_baja`, `denominacion`, `es_para_elaborar`, `precio_compra`, `precio_venta`, `categoria_articulo_insumo_id`, `imagen_insumo_id`, `unidad_medida_id`) VALUES
	(1, '2025-09-09', NULL, 'Queso Muzzarella', b'1', 1, 5, 7, 20, 2),
	(2, '2025-09-09', NULL, 'Salsa de tomate', b'1', 1, 5, 8, 22, 2),
	(3, '2025-09-09', NULL, 'Coca Cola', b'0', 10, 50, 3, 19, 6),
	(4, '2025-09-09', NULL, 'Harina', b'1', 1, 5, 8, 1, 2),
	(5, '2025-09-09', NULL, 'Huevos', b'1', 10, 50, 8, 2, 6),
	(6, '2025-09-09', NULL, 'Medallón de carne', b'1', 10, 50, 8, 4, 6),
	(7, '2025-09-09', NULL, 'Lechuga', b'1', 1, 5, 8, 5, 2),
	(8, '2025-09-09', NULL, 'Tomate', b'1', 1, 5, 8, 6, 2),
	(9, '2025-09-09', NULL, 'Pan de hamburguesa', b'1', 1, 5, 8, 7, 6),
	(10, '2025-09-09', NULL, 'Agua Villavicencio', b'0', 10, 50, 4, 8, 6),
	(11, '2025-09-09', NULL, 'Sprite', b'0', 10, 50, 3, 9, 6),
	(12, '2025-09-09', NULL, 'Stella Artois', b'0', 10, 52, 2, 10, 6),
	(13, '2025-09-09', NULL, 'Mayonesa', b'1', 1, 5, 9, 25, 2),
	(14, '2025-09-09', NULL, 'Jamón cocido', b'1', 1, 5, 8, 12, 2),
	(15, '2025-09-09', NULL, 'Pan de miga', b'1', 1, 5, 8, 13, 6),
	(16, '2025-09-09', NULL, 'Cebolla', b'1', 1, 5, 8, 14, 2),
	(17, '2025-09-09', NULL, 'Ketchup', b'1', 1, 5, 9, 26, 2),
	(18, '2025-09-09', NULL, 'Fanta', b'0', 10, 50, 3, 16, 6),
	(19, '2025-09-09', NULL, 'Mostaza', b'1', 1, 5, 9, 27, 2),
	(20, '2025-09-09', NULL, 'Carne molida', b'1', 1, 5, 8, 18, 2),
	(21, '2025-09-09', NULL, 'Bife de carne', b'1', 2, 9, 8, 21, 6),
	(22, '2025-09-09', NULL, 'Queso Cheddar', b'1', 1, 5, 7, 23, 2),
	(23, '2025-09-09', NULL, 'Bacon', b'1', 2, 10, 8, 24, 2),
	(24, '2025-09-09', NULL, 'Pan de lomo', b'1', 1, 5, 8, 28, 6),
	(25, '2025-09-09', NULL, 'Pimienta', b'1', 1, 3, 9, 29, 1),
	(26, '2025-09-09', NULL, 'Sal', b'1', 1, 2, 9, 30, 1),
	(27, '2025-09-09', NULL, 'Aceite de girasol', b'1', 10, 20, 8, 31, 4),
	(28, '2025-09-09', NULL, 'Tapas de empanadas', b'1', 10, 15, 8, 32, 6),
	(29, '2025-09-09', NULL, 'Pechuga de pollo', b'1', 30, 50, 8, 33, 6),
	(30, '2025-09-09', NULL, 'Pollo molido', b'1', 10, 25, 8, 34, 2),
	(31, '2025-09-09', NULL, 'Pimentón', b'1', 2, 5, 9, 35, 1),
	(32, '2025-09-09', NULL, 'Queso mantecoso', b'1', 30, 45, 7, 36, 2),
	(33, '2025-09-09', NULL, 'Morrón', b'1', 15, 30, 8, 37, 2),
	(34, '2025-09-09', NULL, 'Aceitunas', b'1', 5, 10, 8, 38, 2),
	(35, '2025-09-09', NULL, 'Orégano', b'1', 2, 4, 9, 39, 1),
	(36, '2025-09-09', NULL, 'Queso barra', b'1', 5, 10, 7, 40, 2),
	(37, '2025-09-09', NULL, 'Pan lactal', b'1', 1, 2, 8, 41, 6);

-- Volcando datos para la tabla el_buen_sabor.articulo_manufacturado: ~6 rows (aproximadamente)
INSERT INTO `articulo_manufacturado` (`id`, `fecha_alta`, `fecha_baja`, `denominacion`, `descripcion`, `precio_costo`, `precio_venta`, `tiempo_estimado`, `categoria_articulo_manufacturado_id`) VALUES
	(1, '2025-09-09', NULL, 'Pizza Muzzarella', 'Pizza con mozzarella y salsa de tomate', 850, 250, 30, 1),
	(2, '2025-09-09', NULL, 'Hamburguesa simple de carne', 'Hamburguesa con carne vacuna y vegetales frescos', 122, 150, 20, 2),
	(3, '2025-09-09', NULL, 'Lomito Simple', 'Lomito con carne, queso', 104, 416, 25, 4),
	(4, '2025-09-09', NULL, 'Lomo completo', 'Lomo con doble carne, jamón cocido, huevo, queso Cheddar, lechuga y tomate.', 376, 1504, 45, 4),
	(5, '2025-09-09', NULL, 'Hamburguesa doble', 'Hamburguesa con doble medallón de carne, lechuga, tomate y queso Cheddar.', 323, 1292, 30, 2),
	(6, '2025-09-09', NULL, 'Hamburguesa Bacon', 'Hamburguesa con doble medallón de carne, bacon, queso Cheddar, cebolla, mostaza y ketchup.', 413, 0, 40, 2),
	(7, '2025-09-09', NULL, 'Empanada criolla', 'Empanada criolla, con carne molida especial, cebolla y huevo duro.', 540, 480, 50, 5),
	(8, '2025-09-09', NULL, 'Lomo de pollo', 'Lomo de pollo con pechuga, tomate, queso Cheddar y mayonesa.', 382, 1500, 60, 4),
	(9, '2025-09-09', NULL, 'Empanada de pollo', 'Empanada de pollo con huevo duro, cebolla, pimentón rojo y sal.', 1050, 1000, 70, 5),
	(10, '2025-09-09', NULL, 'Empanada de jamón y queso', 'Empanada con jamón cocido, queso mantecoso.', 1560, 0, 60, 5),
	(11, '2025-09-09', NULL, 'Pizza Especial', 'Pizza con queso muzzarella, jamón cocido, tiras de morrón, aceitunas y orégano.', 600, 0, 60, 1),
	(12, '2025-09-09', NULL, 'Pizza Fugazzeta', 'Pizza con queso mantecoso, cebolla, aceitunas y orégano.', 8450, 2500, 45, 1),
	(13, '2025-09-09', NULL, 'Sandwich de miga', 'Sánguche con pan de miga, jamón cocido, queso barra y mayonesa.', 162, 648, 75, 3),
	(14, '2025-09-09', NULL, 'Sandwich de miga con lechuga y tomate', 'Sandwich de miga con jamón cocido, queso barra, lechuga y tomate.', 172, 200, 60, 3),
	(15, '2025-09-09', NULL, 'Sandwich Mega', 'Sandwich con pan lactal, jamón cocido, queso barra, lechuga y tomate.', 702, 0, 20, 3);

-- Volcando datos para la tabla el_buen_sabor.articulo_manufacturado_detalle: ~30 rows (aproximadamente)
INSERT INTO `articulo_manufacturado_detalle` (`id`, `fecha_alta`, `fecha_baja`, `cantidad`, `articulo_insumo_id`, `articulo_manufacturado_id`) VALUES
	(3, '2025-09-09', NULL, 500, 1, 1),
	(4, '2025-09-09', NULL, 250, 2, 1),
	(5, '2025-09-09', NULL, 100, 4, 1),
	(15, '2025-09-09', NULL, 1, 6, 2),
	(16, '2025-09-09', NULL, 50, 7, 2),
	(17, '2025-09-09', NULL, 2, 9, 2),
	(18, '2025-09-09', NULL, 50, 8, 2),
	(19, '2025-09-09', NULL, 10, 13, 2),
	(20, '2025-09-09', NULL, 2, 24, 4),
	(21, '2025-09-09', NULL, 2, 5, 4),
	(22, '2025-09-09', NULL, 2, 21, 4),
	(23, '2025-09-09', NULL, 100, 14, 4),
	(24, '2025-09-09', NULL, 100, 22, 4),
	(25, '2025-09-09', NULL, 100, 7, 4),
	(26, '2025-09-09', NULL, 50, 8, 4),
	(27, '2025-09-09', NULL, 1, 21, 3),
	(28, '2025-09-09', NULL, 2, 24, 3),
	(29, '2025-09-09', NULL, 100, 22, 3),
	(30, '2025-09-09', NULL, 2, 6, 5),
	(31, '2025-09-09', NULL, 3, 9, 5),
	(32, '2025-09-09', NULL, 100, 22, 5),
	(33, '2025-09-09', NULL, 100, 7, 5),
	(34, '2025-09-09', NULL, 100, 8, 5),
	(35, '2025-09-09', NULL, 2, 6, 6),
	(36, '2025-09-09', NULL, 3, 9, 6),
	(37, '2025-09-09', NULL, 100, 23, 6),
	(38, '2025-09-09', NULL, 100, 22, 6),
	(39, '2025-09-09', NULL, 50, 16, 6),
	(40, '2025-09-09', NULL, 20, 19, 6),
	(41, '2025-09-09', NULL, 20, 17, 6),
	(64, '2025-09-09', NULL, 100, 30, 9),
	(65, '2025-09-09', NULL, 1, 28, 9),
	(66, '2025-09-09', NULL, 20, 16, 9),
	(67, '2025-09-09', NULL, 1, 5, 9),
	(68, '2025-09-09', NULL, 10, 26, 9),
	(69, '2025-09-09', NULL, 2, 24, 8),
	(70, '2025-09-09', NULL, 100, 8, 8),
	(71, '2025-09-09', NULL, 100, 7, 8),
	(72, '2025-09-09', NULL, 50, 13, 8),
	(73, '2025-09-09', NULL, 100, 22, 8),
	(74, '2025-09-09', NULL, 1, 29, 8),
	(75, '2025-09-09', NULL, 50, 32, 10),
	(76, '2025-09-09', NULL, 50, 14, 10),
	(77, '2025-09-09', NULL, 1, 28, 10),
	(78, '2025-09-09', NULL, 150, 4, 11),
	(79, '2025-09-09', NULL, 300, 1, 11),
	(80, '2025-09-09', NULL, 150, 14, 11),
	(81, '2025-09-09', NULL, 250, 32, 12),
	(82, '2025-09-09', NULL, 150, 4, 12),
	(83, '2025-09-09', NULL, 100, 16, 12),
	(84, '2025-09-09', NULL, 100, 34, 12),
	(85, '2025-09-09', NULL, 100, 35, 12),
	(93, '2025-09-09', NULL, 300, 20, 7),
	(94, '2025-09-09', NULL, 200, 16, 7),
	(95, '2025-09-09', NULL, 3, 5, 7),
	(96, '2025-09-09', NULL, 1, 28, 7),
	(97, '2025-09-09', NULL, 2, 15, 13),
	(98, '2025-09-09', NULL, 25, 14, 13),
	(99, '2025-09-09', NULL, 10, 13, 13),
	(100, '2025-09-09', NULL, 25, 36, 13),
	(101, '2025-09-09', NULL, 2, 15, 14),
	(102, '2025-09-09', NULL, 25, 14, 14),
	(103, '2025-09-09', NULL, 25, 36, 14),
	(104, '2025-09-09', NULL, 10, 7, 14),
	(105, '2025-09-09', NULL, 10, 8, 14),
	(110, '2025-09-09', NULL, 100, 14, 15),
	(111, '2025-09-09', NULL, 100, 36, 15),
	(112, '2025-09-09', NULL, 50, 8, 15),
	(113, '2025-09-09', NULL, 50, 7, 15),
	(114, '2025-09-09', NULL, 2, 37, 15);

-- Volcando datos para la tabla el_buen_sabor.categoria_articulo_insumo: ~9 rows (aproximadamente)
INSERT INTO `categoria_articulo_insumo` (`id`, `fecha_alta`, `fecha_baja`, `denominacion`, `categoria_padre_id`) VALUES
	(1, '2025-09-09', NULL, 'Alimentos', NULL),
	(2, '2025-09-09', NULL, 'Bebidas', NULL),
	(3, '2025-09-09', NULL, 'Gaseosas', 2),
	(4, '2025-09-09', NULL, 'Agua', 2),
	(5, '2025-09-09', NULL, 'Vegetales', 1),
	(6, '2025-09-09', NULL, 'Lacteos', 1),
	(7, '2025-09-09', NULL, 'Quesos', 6),
	(8, '2025-09-09', NULL, 'Materia prima', NULL),
	(9, '2025-09-09', NULL, 'Condimentos', NULL);

-- Volcando datos para la tabla el_buen_sabor.categoria_articulo_manufacturado: ~6 rows (aproximadamente)
INSERT INTO `categoria_articulo_manufacturado` (`id`, `fecha_alta`, `fecha_baja`, `denominacion`) VALUES
	(1, '2025-09-09', NULL, 'Pizza'),
	(2, '2025-09-09', NULL, 'Hamburguesa'),
	(3, '2025-09-09', NULL, 'Sandwich'),
	(4, '2025-09-09', NULL, 'Lomo'),
	(5, '2025-09-09', NULL, 'Empanadas');

-- Volcando datos para la tabla el_buen_sabor.cliente: ~20 rows (aproximadamente)
INSERT INTO `cliente` (`id`, `fecha_alta`, `fecha_baja`, `apellido`, `email`, `nombre`, `telefono`, `domicilio_id`) VALUES
	(1, '2025-09-09', NULL, 'Perez', 'juan.perez@mail.com', 'Juan', '261111111', 1),
	(2, '2025-09-09', NULL, 'Garcia', 'sofia.garcia@mail.com', 'Sofia', '261222222', 2),
	(3, '2025-09-09', NULL, 'Lopez', 'marcelo.lopez@mail.com', 'Marcelo', '261333333', 3),
	(4, '2025-09-09', NULL, 'Martinez', 'lucia.martinez@mail.com', 'Lucia', '261444444', 4),
	(5, '2025-09-09', NULL, 'Reyes', 'ricardo.reyes@mail.com', 'Ricardo', '261555555', 5),
	(6, '2025-09-09', NULL, 'Gonzalez', 'camila.gonzalez@mail.com', 'Camila', '261666666', 6),
	(7, '2025-09-09', NULL, 'Fernandez', 'lautaro.fernandez@mail.com', 'Lautaro', '261777777', 7),
	(8, '2025-09-09', NULL, 'Diaz', 'juliana.diaz@mail.com', 'Juliana', '261888888', 8),
	(9, '2025-09-09', NULL, 'Rivas', 'brenda.rivas@mail.com', 'Brenda', '261999999', 9),
	(10, '2025-09-09', NULL, 'Calderon', 'diego.calderon@mail.com', 'Diego', '261000000', 10),
	(11, '2025-09-09', NULL, 'Cortez', 'francisca.cortez@mail.com', 'Francisca', '562111111', 11),
	(12, '2025-09-09', NULL, 'Bravo', 'luis.bravo@mail.com', 'Luis', '562222222', 12),
	(13, '2025-09-09', NULL, 'Pizarro', 'daniela.pizarro@mail.com', 'Daniela', '562333333', 13),
	(14, '2025-09-09', NULL, 'Zamora', 'jorge.zamora@mail.com', 'Jorge', '562444444', 14),
	(15, '2025-09-09', NULL, 'Mendez', 'sandra.mendez@mail.com', 'Sandra', '562555555', 15),
	(16, '2025-09-09', NULL, 'Suarez', 'federico.suarez@mail.com', 'Federico', '598111111', 16),
	(17, '2025-09-09', NULL, 'Figueredo', 'carolina.figueredo@mail.com', 'Carolina', '598222222', 17),
	(18, '2025-09-09', NULL, 'Ramos', 'sebastian.ramos@mail.com', 'Sebastian', '598333333', 18),
	(19, '2025-09-09', NULL, 'Gomez', 'laura.gomez@mail.com', 'Laura', '598444444', 19),
	(20, '2025-09-09', NULL, 'Torres', 'matias.torres@mail.com', 'Matias', '598555555', 20);

-- Volcando datos para la tabla el_buen_sabor.datos_mercado_pago: ~0 rows (aproximadamente)

-- Volcando datos para la tabla el_buen_sabor.domicilio: ~20 rows (aproximadamente)
INSERT INTO `domicilio` (`id`, `calle`, `cp`, `numero`, `localidad_id`) VALUES
	(1, 'Avenida San Martín', 5500, 1000, 352),
	(2, 'Las Heras', 5539, 1100, 129),
	(3, 'Rivadavia', 5501, 1200, 356),
	(4, 'Belgrano', 4000, 0, 129),
	(5, 'Santa Fe', 5000, 0, 90),
	(6, 'Corrientes', 6000, 0, 300),
	(7, 'Zona Norte', 7000, 0, 392),
	(8, '9 de Julio', 8000, 0, 15),
	(9, 'Avellaneda', 9000, 0, 50),
	(10, 'Alvear', 10000, 0, 205),
	(11, 'Los Andes', 11000, 0, 530),
	(12, 'Maipu', 12000, 0, 672),
	(13, 'Providencia', 13000, 0, 759),
	(14, 'Concepcion', 14000, 0, 812),
	(15, 'Temuco', 15000, 0, 855),
	(16, 'Independencia', 16000, 0, 873),
	(17, 'Colonia', 17000, 0, 905),
	(18, 'Libertad', 18000, 0, 1000),
	(19, 'San Jose', 19000, 0, 1100),
	(20, 'Montevideo', 20000, 0, 1200);

-- Volcando datos para la tabla el_buen_sabor.empleado: ~3 rows (aproximadamente)
INSERT INTO `empleado` (`id`, `apellido`, `email`, `nombre`, `rol`, `telefono`) VALUES
	(1, 'Admin', 'admin@example.com', 'Admin', 'ADMIN', '123456789'),
	(2, 'Cocina', 'cocina@example.com', 'Cocina', 'COCINA', '987654321'),
	(3, 'Delivery', 'delivery@example.com', 'Delivery', 'DELIVERY', '987654321');

-- Volcando datos para la tabla el_buen_sabor.empresa: ~3 rows (aproximadamente)
INSERT INTO `empresa` (`id`, `fecha_alta`, `fecha_baja`, `cuil`, `nombre`, `razon_social`) VALUES
	(1, '2025-08-23', NULL, 30123456787, 'Empresa 1', 'Empresa 1 S.A.'),
	(2, '2025-08-23', NULL, 30321654987, 'Empresa 2', 'Empresa 2 S.A.'),
	(3, '2025-08-23', NULL, 30876543217, 'Empresa 3', 'Empresa 3 S.A.');

-- Volcando datos para la tabla el_buen_sabor.factura_venta: ~0 rows (aproximadamente)

-- Volcando datos para la tabla el_buen_sabor.factura_venta_detalle: ~0 rows (aproximadamente)

-- Volcando datos para la tabla el_buen_sabor.imagen_insumo: ~27 rows (aproximadamente)
INSERT INTO `imagen_insumo` (`id`, `fecha_alta`, `fecha_baja`, `denominacion`) VALUES
	(1, '2025-09-09', NULL, '1757433564288_harina.jpg'),
	(2, '2025-09-09', NULL, '1757433666109_huevos.jpg'),
	(4, '2025-09-09', NULL, '1757434168954_medallon.jpg'),
	(5, '2025-09-09', NULL, '1757434208654_lechuga.jpg'),
	(6, '2025-09-09', NULL, '1757434246579_tomate.jpg'),
	(7, '2025-09-09', NULL, '1757434300598_pan de hamburguesa.jpg'),
	(8, '2025-09-09', NULL, '1757434432565_agua villavicencio.jpg'),
	(9, '2025-09-09', NULL, '1757434468404_sprite 500.jpg'),
	(10, '2025-09-09', NULL, '1757434517960_lata stella.jpg'),
	(12, '2025-09-09', NULL, '1757434692428_jamon cocido.jpg'),
	(13, '2025-09-09', NULL, '1757434795728_pan de miga.jpg'),
	(14, '2025-09-09', NULL, '1757434830788_cebolla.jpg'),
	(16, '2025-09-09', NULL, '1757434952106_fanta 500.jpg'),
	(18, '2025-09-09', NULL, '1757435015946_carne molida.jpg'),
	(19, '2025-09-09', NULL, '1757435052302_coca cola.jpg'),
	(20, '2025-09-09', NULL, '1757435098776_muzzarella.jpg'),
	(21, '2025-09-09', NULL, '1757435153671_bife de carne.jpg'),
	(22, '2025-09-09', NULL, '1757435450912_salsa de tomate.jpg'),
	(23, '2025-09-09', NULL, '1757435652076_queso-cheddar.jpg'),
	(24, '2025-09-09', NULL, '1757435693523_bacon.jpg'),
	(25, '2025-09-09', NULL, '1757434585568_mayonesa.jpg'),
	(26, '2025-09-09', NULL, '1757434904556_ketchup.jpg'),
	(27, '2025-09-09', NULL, '1757434986482_mostaza.jpg'),
	(28, '2025-09-09', NULL, '1757435839490_pan-lomo.jpg'),
	(29, '2025-09-09', NULL, '1757435881596_pimienta.jpg'),
	(30, '2025-09-09', NULL, '1757435958992_sal.jpg'),
	(31, '2025-09-09', NULL, '1757436063158_aceite-girasol.jpg'),
	(32, '2025-09-09', NULL, '1757438368321_tapas-empanadas.jpg'),
	(33, '2025-09-09', NULL, '1757438538986_pechuga-pollo.jpg'),
	(34, '2025-09-09', NULL, '1757438884407_pollo-molido.jpeg'),
	(35, '2025-09-09', NULL, '1757438925143_pimenton.jpg'),
	(36, '2025-09-09', NULL, '1757439182250_queso-mantecoso.jpg'),
	(37, '2025-09-09', NULL, '1757439859863_morron.jpg'),
	(38, '2025-09-09', NULL, '1757439878982_aceitunas.jpg'),
	(39, '2025-09-09', NULL, '1757439905123_oregano.jpg'),
	(40, '2025-09-09', NULL, '1757440474522_queso-barra.jpg'),
	(41, '2025-09-09', NULL, '1757440843578_pan-lactal.jpg');

-- Volcando datos para la tabla el_buen_sabor.imagen_manufacturado: ~6 rows (aproximadamente)
INSERT INTO `imagen_manufacturado` (`id`, `fecha_alta`, `fecha_baja`, `denominacion`, `id_articulo_manufacturado`) VALUES
	(1, '2025-09-09', NULL, '1757437082186_pizza-muzzarella.jpg', 1),
	(6, '2025-09-09', NULL, '1757437133149_hamburguesa-simple.jpg', 2),
	(7, '2025-09-09', NULL, '1757437608011_lomo-completo.jpg', 4),
	(8, '2025-09-09', NULL, '1757437843150_lomo-simple.jpg', 3),
	(9, '2025-09-09', NULL, '1757437961381_hamburguesa-doble.jpg', 5),
	(10, '2025-09-09', NULL, '1757438097676_hamburguesa-bacon.jpg', 6),
	(17, '2025-09-09', NULL, '1757438808704_empanadas-pollo.jpg', 9),
	(18, '2025-09-09', NULL, '1757438454041_lomo-pollo.jpg', 8),
	(19, '2025-09-09', NULL, '1757439300623_empanadas-jamonyqueso.jpg', 10),
	(20, '2025-09-09', NULL, '1757439718181_pizza-especial.jpg', 11),
	(21, '2025-09-09', NULL, '1757440100995_pizza-fugazzeta.jpg', 12),
	(24, '2025-09-09', NULL, '1757438320925_empanadas-criollas.jpg', 7),
	(25, '2025-09-09', NULL, '1757440260969_sanguche-miga.jpg', 13),
	(26, '2025-09-09', NULL, '1757440639192_sanguche-miga-lechuga.jpg', 14),
	(28, '2025-09-09', NULL, '1757440745304_sanguche-mega.jpg', 15);

-- Volcando datos para la tabla el_buen_sabor.localidad: ~2.756 rows (aproximadamente)
INSERT INTO `localidad` (`id`, `nombre`, `provincia_id`) VALUES
	(1, 'Adolfo Gonzales Chaves', 1),
	(2, 'Concordia', 8),
	(3, 'Federal', 8),
	(4, 'Gualeguaychú', 8),
	(5, 'Islas del Ibicuy', 8),
	(6, 'Victoria', 8),
	(7, 'Diamante', 8),
	(8, 'Uruguay', 8),
	(9, 'Paraná', 8),
	(10, 'Saladillo', 1),
	(11, 'Las Flores', 1),
	(12, 'Rojas', 1),
	(13, 'Escobar', 1),
	(14, 'José C. Paz', 1),
	(15, 'Bahía Blanca', 1),
	(16, 'San Antonio de Areco', 1),
	(17, 'Maipú', 1),
	(18, 'General Alvarado', 1),
	(19, 'General Pueyrredón', 1),
	(20, 'Mar Chiquita', 1),
	(21, 'Villa Gesell', 1),
	(22, 'Pinamar', 1),
	(23, 'General Lavalle', 1),
	(24, 'La Costa', 1),
	(25, 'Magdalena', 1),
	(26, 'Sauce', 7),
	(27, 'Vicente López', 1),
	(28, 'La Viña', 17),
	(29, 'Rauch', 1),
	(30, 'Metán', 17),
	(31, 'Molinos', 17),
	(32, 'O\'Higgins', 3),
	(33, 'Moreno', 1),
	(34, 'La Matanza', 1),
	(35, 'Tandil', 1),
	(36, 'Coronel Suárez', 1),
	(37, 'Chamical', 12),
	(38, 'Futaleufú', 4),
	(39, 'Río Chico', 20),
	(40, 'San Antonio', 16),
	(41, 'Alberdi', 22),
	(42, 'Juan Felipe Ibarra', 22),
	(43, 'General Taboada', 22),
	(44, 'Salliqueló', 1),
	(45, 'Berazategui', 1),
	(46, 'General Güemes', 17),
	(47, 'San Carlos', 17),
	(48, 'General Paz', 1),
	(49, 'General Guido', 1),
	(50, 'General Juan Madariaga', 1),
	(51, 'Lago Argentino', 20),
	(52, 'Rivadavia', 22),
	(53, 'Ojo de Agua', 22),
	(54, 'Choya', 22),
	(55, 'Gobernador Dupuy', 19),
	(56, 'Cachi', 17),
	(57, 'Chicoana', 17),
	(58, 'Gaiman', 4),
	(59, 'Rawson', 4),
	(60, 'General Lamadrid', 12),
	(61, 'Ayacucho', 19),
	(62, '12 de Octubre', 3),
	(63, 'Tulumba', 6),
	(64, 'Cruz del Eje', 6),
	(65, 'Punilla', 6),
	(66, 'Comuna 6', 5),
	(67, 'Santa Rosa', 13),
	(68, 'General Güemes', 3),
	(69, 'General Ortiz de Ocampo', 12),
	(70, 'General Roca', 6),
	(71, 'Pilagás', 9),
	(72, 'Laishi', 9),
	(73, 'Rivadavia', 13),
	(74, 'Tornquist', 1),
	(75, 'La Paz', 13),
	(76, 'Coronel Pringles', 1),
	(77, 'Conesa', 16),
	(78, 'Villarino', 1),
	(79, 'Pirané', 9),
	(80, 'General Pinto', 1),
	(81, 'San Cayetano', 1),
	(82, 'Tres Arroyos', 1),
	(83, 'Coronel Dorrego', 1),
	(84, 'Necochea', 1),
	(85, 'Independencia', 12),
	(86, 'Chascomús', 1),
	(87, 'Punta Indio', 1),
	(88, 'El Carmen', 10),
	(89, 'Santa María', 6),
	(90, 'Valcheta', 16),
	(91, 'Arauco', 12),
	(92, 'Lezama', 1),
	(93, 'Campana', 1),
	(94, 'Magallanes', 20),
	(95, 'Corpen Aike', 20),
	(96, 'Minas', 6),
	(97, 'San Alberto', 6),
	(98, 'Río Segundo', 6),
	(99, 'San Justo', 6),
	(100, 'Unión', 6),
	(101, 'Tercero Arriba', 6),
	(102, 'Cerrillos', 17),
	(103, 'Río Cuarto', 6),
	(104, 'Tupungato', 13),
	(105, '9 de Julio', 16),
	(106, 'Ñorquinco', 16),
	(107, 'San Rafael', 13),
	(108, 'Anta', 17),
	(109, 'Picún Leufú', 15),
	(110, 'Zapala', 15),
	(111, '25 de Mayo', 16),
	(112, 'Telsen', 4),
	(113, 'Pilcaniyeu', 16),
	(114, 'Adolfo Alsina', 1),
	(115, 'General Alvear', 13),
	(116, 'La Caldera', 17),
	(117, 'Sargento Cabral', 3),
	(118, 'Pellegrini', 1),
	(119, 'Aluminé', 15),
	(120, 'Iruya', 17),
	(121, 'Lácar', 15),
	(122, 'Fray Mamerto Esquiú', 2),
	(123, 'Valle Viejo', 2),
	(124, 'San Cosme', 7),
	(125, 'Sarmiento', 4),
	(126, 'Comuna 1', 5),
	(127, 'Comuna 4', 5),
	(128, 'El Cuy', 16),
	(129, 'Las Heras', 13),
	(130, 'Tapenagá', 3),
	(131, 'Lavalle', 13),
	(132, 'Malargüe', 13),
	(133, 'Presidente Roque Sáenz Peña', 6),
	(134, 'Catán Lil', 15),
	(135, 'Presidencia de la Plaza', 3),
	(136, 'Comuna 5', 5),
	(137, 'Esquina', 7),
	(138, 'Ushuaia', 23),
	(139, 'Antofagasta de la Sierra', 2),
	(140, 'Ensenada', 1),
	(141, 'Capital', 24),
	(142, 'Belgrano', 21),
	(143, 'Pergamino', 1),
	(144, 'Puán', 1),
	(145, 'General Villegas', 1),
	(146, 'Comuna 12', 5),
	(147, 'General Obligado', 21),
	(148, 'Vera', 21),
	(149, '9 de Julio', 21),
	(150, 'Adolfo Alsina', 16),
	(151, 'Quitilipi', 3),
	(152, 'Güer Aike', 20),
	(153, 'Capayán', 2),
	(154, 'Burruyacú', 24),
	(155, 'San Jerónimo', 21),
	(156, 'Independencia', 3),
	(157, 'Curuzú Cuatiá', 7),
	(158, 'Luján de Cuyo', 13),
	(159, 'Tinogasta', 2),
	(160, 'Comuna 7', 5),
	(161, 'Hucal', 11),
	(162, 'Itatí', 7),
	(163, 'Comuna 10', 5),
	(164, 'Caleu Caleu', 11),
	(165, 'Lihuel Calel', 11),
	(166, 'Curacó', 11),
	(167, 'Confluencia', 15),
	(168, 'Picunches', 15),
	(169, 'Añelo', 15),
	(170, 'Loncopué', 15),
	(171, 'Ñorquín', 15),
	(172, 'Pehuenches', 15),
	(173, 'Comuna 11', 5),
	(174, 'Montecarlo', 14),
	(175, 'Eldorado', 14),
	(176, 'San Pedro', 14),
	(177, 'Antártida Argentina', 23),
	(178, 'Minas', 15),
	(179, 'Chos Malal', 15),
	(180, 'Cushamen', 4),
	(181, 'Lago Buenos Aires', 20),
	(182, 'Pichi Mahuida', 16),
	(183, 'San Martín', 22),
	(184, 'Yavi', 10),
	(185, 'Santa Catalina', 10),
	(186, 'San Pedro', 10),
	(187, 'Valle Grande', 10),
	(188, 'Patiño', 9),
	(189, 'Bermejo', 9),
	(190, 'Susques', 10),
	(191, 'Matacos', 9),
	(192, 'Los Andes', 17),
	(193, 'Orán', 17),
	(194, 'Tilcara', 10),
	(195, 'Palpalá', 10),
	(196, 'Loventué', 11),
	(197, 'Río Senguer', 4),
	(198, 'Bariloche', 16),
	(199, 'Huiliches', 15),
	(200, 'Limay Mahuida', 11),
	(201, 'Puelén', 11),
	(202, 'Chalileo', 11),
	(203, 'Chical Co', 11),
	(204, 'Quebrachos', 22),
	(205, 'Monte Caseros', 7),
	(206, 'Mayor Luis J. Fontana', 3),
	(207, 'Fray Justo Santa María de Oro', 3),
	(208, 'General Belgrano', 12),
	(209, 'Las Colonias', 21),
	(210, 'San Justo', 21),
	(211, 'San Cristóbal', 21),
	(212, 'San Javier', 21),
	(213, 'Chapaleufú', 11),
	(214, 'Realicó', 11),
	(215, 'Maracó', 11),
	(216, 'Trenel', 11),
	(217, 'Copo', 22),
	(218, 'Capital', 11),
	(219, 'Santa Bárbara', 10),
	(220, 'Almirante Brown', 3),
	(221, 'Rosario de la Frontera', 17),
	(222, 'Collón Curá', 15),
	(223, 'Comuna 3', 5),
	(224, 'San Fernando', 1),
	(225, 'Tigre', 1),
	(226, 'Santa María', 2),
	(227, 'Santa Rosa', 2),
	(228, 'La Paz', 2),
	(229, 'Río Hondo', 22),
	(230, 'Vinchina', 12),
	(231, 'Capital', 12),
	(232, 'Río Seco', 6),
	(233, 'Avellaneda', 16),
	(234, 'General Roca', 16),
	(235, 'Belgrano', 19),
	(236, 'Los Lagos', 15),
	(237, 'Capital', 2),
	(238, 'Ancasti', 2),
	(239, 'Pomán', 2),
	(240, 'Comuna 2', 5),
	(241, '9 de Julio', 3),
	(242, 'Pocho', 6),
	(243, 'Ezeiza', 1),
	(244, 'Andalgalá', 2),
	(245, 'Ambato', 2),
	(246, 'Comuna 8', 5),
	(247, 'Guasayán', 22),
	(248, 'Paclín', 2),
	(249, 'El Alto', 2),
	(250, 'Sobremonte', 6),
	(251, 'Río Grande', 23),
	(252, 'Comuna 13', 5),
	(253, 'Banda', 22),
	(254, 'Paso de Indios', 4),
	(255, 'Capital', 6),
	(256, 'Mártires', 4),
	(257, 'Sarmiento', 22),
	(258, 'Deseado', 20),
	(259, 'Languiñeo', 4),
	(260, 'Belgrano', 22),
	(261, 'Aguirre', 22),
	(262, 'Maipú', 3),
	(263, 'San Carlos', 13),
	(264, 'Tunuyán', 13),
	(265, 'Robles', 22),
	(266, 'Loreto', 22),
	(267, 'Catriló', 11),
	(268, 'Capital', 22),
	(269, 'Comuna 14', 5),
	(270, 'Colón', 8),
	(271, 'Villaguay', 8),
	(272, 'Castelli', 1),
	(273, 'San Salvador', 8),
	(274, 'Belén', 2),
	(275, 'Almirante Brown', 1),
	(276, 'Nogoyá', 8),
	(277, 'Tala', 8),
	(278, 'Gualeguay', 8),
	(279, 'Federación', 8),
	(280, 'La Paz', 8),
	(281, 'Feliciano', 8),
	(282, 'Presidente Perón', 1),
	(283, 'Junín', 1),
	(284, 'Brandsen', 1),
	(285, 'Chivilcoy', 1),
	(286, 'Alberti', 1),
	(287, 'Bragado', 1),
	(288, 'General Las Heras', 1),
	(289, 'Carlos Casares', 1),
	(290, 'Marcos Paz', 1),
	(291, 'General Viamonte', 1),
	(292, 'Carlos Tejedor', 1),
	(293, '25 de Mayo', 1),
	(294, '9 de Julio', 1),
	(295, 'Pehuajó', 1),
	(296, 'Tapalqué', 1),
	(297, 'Trenque Lauquen', 1),
	(298, 'General Belgrano', 1),
	(299, 'Monte', 1),
	(300, 'Roque Pérez', 1),
	(301, 'Olavarría', 1),
	(302, 'Merlo', 1),
	(303, 'Cainguás', 14),
	(304, 'Islas del Atlántico Sur', 23),
	(305, 'Esteban Echeverría', 1),
	(306, 'Arrecifes', 1),
	(307, 'Capitán Sarmiento', 1),
	(308, 'Dr. Manuel Belgrano', 10),
	(309, 'Carmen de Areco', 1),
	(310, 'Salto', 1),
	(311, 'Exaltación de la Cruz', 1),
	(312, 'San Miguel', 1),
	(313, 'San Andrés de Giles', 1),
	(314, 'Mercedes', 1),
	(315, 'Pilar', 1),
	(316, 'Luján', 1),
	(317, 'Famaillá', 24),
	(318, 'Hurlingham', 1),
	(319, 'Morón', 1),
	(320, 'Chacabuco', 1),
	(321, 'Junín', 13),
	(322, 'Malvinas Argentinas', 1),
	(323, 'Tres Lomas', 1),
	(324, 'Ayacucho', 1),
	(325, 'Guaminí', 1),
	(326, 'General San Martín', 1),
	(327, 'Lincoln', 1),
	(328, 'Laprida', 1),
	(329, 'San Isidro', 1),
	(330, 'Benito Juárez', 1),
	(331, 'Colón', 1),
	(332, 'Ituzaingó', 1),
	(333, 'General Rodríguez', 1),
	(334, 'Suipacha', 1),
	(335, 'Tres de Febrero', 1),
	(336, 'General Felipe Varela', 12),
	(337, 'Florencio Varela', 1),
	(338, 'Navarro', 1),
	(339, 'Cañuelas', 1),
	(340, 'Moreno', 22),
	(341, 'Chacabuco', 3),
	(342, 'San Vicente', 1),
	(343, 'Lobos', 1),
	(344, 'General Alvear', 1),
	(345, 'Quilmes', 1),
	(346, 'Pila', 1),
	(347, 'General La Madrid', 1),
	(348, 'Bolívar', 1),
	(349, 'Castro Barros', 12),
	(350, 'Balcarce', 1),
	(351, 'Hipólito Yrigoyen', 1),
	(352, 'Capital', 13),
	(353, 'Dolores', 1),
	(354, 'Azul', 1),
	(355, 'Daireaux', 1),
	(356, 'Godoy Cruz', 13),
	(357, 'Cafayate', 17),
	(358, 'Figueroa', 22),
	(359, 'Saavedra', 1),
	(360, 'Monte Hermoso', 1),
	(361, 'Lobería', 1),
	(362, 'Berisso', 1),
	(363, 'Tordillo', 1),
	(364, 'Zárate', 1),
	(365, 'Ramallo', 1),
	(366, 'San Nicolás', 1),
	(367, 'Salavina', 22),
	(368, 'Pellegrini', 22),
	(369, 'Avellaneda', 22),
	(370, '2 de Abril', 3),
	(371, 'Guaymallén', 13),
	(372, 'Juárez Celman', 6),
	(373, 'Capital', 17),
	(374, 'Silípica', 22),
	(375, 'La Candelaria', 17),
	(376, 'Rancul', 11),
	(377, 'Maipú', 13),
	(378, 'Guachipas', 17),
	(379, 'Atreucó', 11),
	(380, 'San Martín', 13),
	(381, 'Guatraché', 11),
	(382, 'Sanagasta', 12),
	(383, 'Conhelo', 11),
	(384, 'Libertador General San Martín', 14),
	(385, 'Rosario Vera Peñaloza', 12),
	(386, 'San Miguel', 7),
	(387, 'General Juan Facundo Quiroga', 12),
	(388, 'Ángel Vicente Peñaloza', 12),
	(389, 'Empedrado', 7),
	(390, 'Chilecito', 12),
	(391, 'Toay', 11),
	(392, 'Colón', 6),
	(393, 'Ituzaingó', 7),
	(394, 'Famatina', 12),
	(395, 'General López', 21),
	(396, 'Constitución', 21),
	(397, 'Caseros', 21),
	(398, 'Rosario', 21),
	(399, 'San Lorenzo', 21),
	(400, 'Iriondo', 21),
	(401, 'Lanús', 1),
	(402, 'General San Martín', 12),
	(403, 'San Blas de Los Sauces', 12),
	(404, 'San Antonio', 10),
	(405, 'Rinconada', 10),
	(406, 'Ramón Lista', 9),
	(407, 'La Poma', 17),
	(408, 'Biedma', 4),
	(409, 'Capital', 7),
	(410, 'San Luis del Palmar', 7),
	(411, 'Formosa', 9),
	(412, 'Pilcomayo', 9),
	(413, 'Tehuelches', 4),
	(414, 'Escalante', 4),
	(415, 'Ischilín', 6),
	(416, 'Totoral', 6),
	(417, 'General San Martín', 6),
	(418, 'San Javier', 6),
	(419, 'Río Primero', 6),
	(420, 'Marcos Juárez', 6),
	(421, 'General Donovan', 3),
	(422, 'Leandro N. Alem', 1),
	(423, 'Libertador General San Martín', 3),
	(424, 'Gastre', 4),
	(425, 'General Arenales', 1),
	(426, 'Bermejo', 3),
	(427, 'Calamuchita', 6),
	(428, 'Cruz Alta', 24),
	(429, 'Lules', 24),
	(430, 'Yerba Buena', 24),
	(431, 'Tafí Viejo', 24),
	(432, 'Libertador General San Martín', 19),
	(433, 'Coronel Pringles', 19),
	(434, 'Chacabuco', 19),
	(435, 'Rivadavia', 1),
	(436, 'Patagones', 1),
	(437, 'Juan Martín de Pueyrredón', 19),
	(438, 'General Pedernera', 19),
	(439, 'Trancas', 24),
	(440, 'Tafí del Valle', 24),
	(441, 'Comuna 9', 5),
	(442, 'Junín', 19),
	(443, 'Mitre', 22),
	(444, 'Atamisqui', 22),
	(445, 'Berón de Astrada', 7),
	(446, 'Tolhuin', 23),
	(447, 'Capital', 14),
	(448, 'Candelaria', 14),
	(449, 'Jiménez', 22),
	(450, 'Coronel de Marina Leonardo Rosales', 1),
	(451, 'Baradero', 1),
	(452, 'San Pedro', 1),
	(453, 'Santa Victoria', 17),
	(454, 'General José de San Martín', 17),
	(455, 'Rivadavia', 17),
	(456, 'Rosario de Lerma', 17),
	(457, 'Ledesma', 10),
	(458, 'Humahuaca', 10),
	(459, 'Cochinoca', 10),
	(460, 'Tumbaya', 10),
	(461, 'Florentino Ameghino', 1),
	(462, 'Florentino Ameghino', 4),
	(463, 'La Cocha', 24),
	(464, 'Graneros', 24),
	(465, 'Juan Bautista Alberdi', 24),
	(466, 'Río Chico', 24),
	(467, 'Simoca', 24),
	(468, 'Chicligasta', 24),
	(469, 'Monteros', 24),
	(470, 'Leales', 24),
	(471, 'San Martín', 21),
	(472, 'La Capital', 21),
	(473, 'General Manuel Belgrano', 14),
	(474, 'Guaraní', 14),
	(475, 'Iguazú', 14),
	(476, '25 de Mayo', 14),
	(477, 'Oberá', 14),
	(478, 'Castellanos', 21),
	(479, 'Garay', 21),
	(480, 'Quemú Quemú', 11),
	(481, 'San Ignacio', 14),
	(482, 'Utracán', 11),
	(483, 'San Martín', 7),
	(484, 'Paso de los Libres', 7),
	(485, 'Goya', 7),
	(486, 'Lavalle', 7),
	(487, 'San Roque', 7),
	(488, 'General Alvear', 7),
	(489, 'Concepción', 7),
	(490, 'Bella Vista', 7),
	(491, 'Santo Tomé', 7),
	(492, 'Saladas', 7),
	(493, 'General Paz', 7),
	(494, 'Leandro N. Alem', 14),
	(495, 'San Javier', 14),
	(496, 'Mburucuyá', 7),
	(497, 'Concepción', 14),
	(498, 'Apóstoles', 14),
	(499, '1° de Mayo', 3),
	(500, 'San Fernando', 3),
	(501, 'San Lorenzo', 3),
	(502, 'Lomas de Zamora', 1),
	(503, 'Avellaneda', 1),
	(504, '25 de Mayo', 3),
	(505, 'General Belgrano', 3),
	(506, 'Libertad', 3),
	(507, 'Comandante Fernández', 3),
	(508, 'Comuna 15', 5),
	(509, 'Chimbas', 18),
	(510, 'Capital', 18),
	(511, 'Rivadavia', 18),
	(512, '9 de Julio', 18),
	(513, 'Albardón', 18),
	(514, 'Angaco', 18),
	(515, 'Santa Lucía', 18),
	(516, 'Rawson', 18),
	(517, '25 de Mayo', 18),
	(518, 'San Martín', 18),
	(519, 'Pocito', 18),
	(520, 'Zonda', 18),
	(521, 'Ullum', 18),
	(522, 'Sarmiento', 18),
	(523, 'Calingasta', 18),
	(524, 'Iglesia', 18),
	(525, 'Jáchal', 18),
	(526, 'Valle Fértil', 18),
	(527, 'Caucete', 18),
	(528, 'La Plata', 1),
	(529, 'Mercedes', 7),
	(530, 'Antofagasta', 25),
	(531, 'Calama', 25),
	(532, 'María Elena', 25),
	(533, 'Mejillones', 25),
	(534, 'Ollagüe', 25),
	(535, 'San Pedro de Atacama', 25),
	(536, 'Sierra Gorda', 25),
	(537, 'Taltal', 25),
	(538, 'Tocopilla', 25),
	(539, 'Arica', 26),
	(540, 'Camarones', 26),
	(541, 'General Lagos', 26),
	(542, 'Putre', 26),
	(543, 'Alto del Carmen', 27),
	(544, 'Caldera', 27),
	(545, 'Chañaral', 27),
	(546, 'Copiapó', 27),
	(547, 'Diego de Almagro', 27),
	(548, 'Freirina', 27),
	(549, 'Huasco', 27),
	(550, 'Tierra Amarilla', 27),
	(551, 'Vallenar', 27),
	(552, 'Andacollo', 28),
	(553, 'Canela', 28),
	(554, 'Coquimbo', 28),
	(555, 'Combarbalá', 28),
	(556, 'Illapel', 28),
	(557, 'La Higuera', 28),
	(558, 'La Serena', 28),
	(559, 'Los Vilos', 28),
	(560, 'Monte Patria', 28),
	(561, 'Ovalle', 28),
	(562, 'Paiguano', 28),
	(563, 'Punitaqui', 28),
	(564, 'Río Hurtado', 28),
	(565, 'Salamanca', 28),
	(566, 'Vicuña', 28),
	(567, 'Aisén', 29),
	(568, 'Chile Chico', 29),
	(569, 'Cisnes', 29),
	(570, 'Cochrane', 29),
	(571, 'Coihaique', 29),
	(572, 'Guaitecas', 29),
	(573, 'Lago Verde', 29),
	(574, 'O’Higgins', 29),
	(575, 'Río Ibáñez', 29),
	(576, 'Tortel', 29),
	(577, 'Angol', 30),
	(578, 'Carahue', 30),
	(579, 'Cholchol', 30),
	(580, 'Collipulli', 30),
	(581, 'Cunco', 30),
	(582, 'Curacautín', 30),
	(583, 'Curarrehue', 30),
	(584, 'Ercilla', 30),
	(585, 'Freire', 30),
	(586, 'Galvarino', 30),
	(587, 'Gorbea', 30),
	(588, 'Lautaro', 30),
	(589, 'Loncoche', 30),
	(590, 'Lonquimay', 30),
	(591, 'Los Sauces', 30),
	(592, 'Lumaco', 30),
	(593, 'Melipeuco', 30),
	(594, 'Nueva Imperial', 30),
	(595, 'Padre las Casas', 30),
	(596, 'Perquenco', 30),
	(597, 'Pitrufquén', 30),
	(598, 'Pucón', 30),
	(599, 'Purén', 30),
	(600, 'Renaico', 30),
	(601, 'Saavedra', 30),
	(602, 'San Juan de la Costa', 30),
	(603, 'Teodoro Schmidt', 30),
	(604, 'Temuco', 30),
	(605, 'Toltén', 30),
	(606, 'Traiguén', 30),
	(607, 'Victoria', 30),
	(608, 'Vilcún', 30),
	(609, 'Villarrica', 30),
	(610, 'Ancud', 31),
	(611, 'Calbuco', 31),
	(612, 'Castro', 31),
	(613, 'Chaitén', 31),
	(614, 'Chonchi', 31),
	(615, 'Cochamó', 31),
	(616, 'Curaco de Vélez', 31),
	(617, 'Dalcahue', 31),
	(618, 'Frutillar', 31),
	(619, 'Fresia', 31),
	(620, 'Futaleufú', 31),
	(621, 'Hualaihué', 31),
	(622, 'Llanquihue', 31),
	(623, 'Los Muermos', 31),
	(624, 'Maullín', 31),
	(625, 'Osorno', 31),
	(626, 'Palena', 31),
	(627, 'Puerto Montt', 31),
	(628, 'Puerto Octay', 31),
	(629, 'Puerto Varas', 31),
	(630, 'Puyehue', 31),
	(631, 'Purranque', 31),
	(632, 'Queilén', 31),
	(633, 'Quellón', 31),
	(634, 'Quemchi', 31),
	(635, 'Quinchao', 31),
	(636, 'Río Negro', 31),
	(637, 'San Juan de la Costa', 31),
	(638, 'San Pablo', 31),
	(639, 'Corral', 32),
	(640, 'Futrono', 32),
	(641, 'Lago Ranco', 32),
	(642, 'Lanco', 32),
	(643, 'Los Lagos', 32),
	(644, 'Máfil', 32),
	(645, 'Mariquina', 32),
	(646, 'Paillaco', 32),
	(647, 'Panguipulli', 32),
	(648, 'Río Bueno', 32),
	(649, 'Valdivia', 32),
	(650, 'Antártica', 33),
	(651, 'Cabo de Hornos (Ex Navarino)', 33),
	(652, 'Laguna Blanca', 33),
	(653, 'Natales', 33),
	(654, 'Porvenir', 33),
	(655, 'Primavera', 33),
	(656, 'Punta Arenas', 33),
	(657, 'Río Verde', 33),
	(658, 'San Gregorio', 33),
	(659, 'Timaukel', 33),
	(660, 'Torres del Paine', 33),
	(661, 'Alto Biobío', 34),
	(662, 'Antuco', 34),
	(663, 'Arauco', 34),
	(664, 'Cabrero', 34),
	(665, 'Cañete', 34),
	(666, 'Chiguayante', 34),
	(667, 'Concepción', 34),
	(668, 'Contulmo', 34),
	(669, 'Coronel', 34),
	(670, 'Curanilahue', 34),
	(671, 'Florida', 34),
	(672, 'Hualpén', 34),
	(673, 'Hualqui', 34),
	(674, 'Laja', 34),
	(675, 'Lebu', 34),
	(676, 'Los Álamos', 34),
	(677, 'Los Ángeles', 34),
	(678, 'Lota', 34),
	(679, 'Mulchén', 34),
	(680, 'Nacimiento', 34),
	(681, 'Negrete', 34),
	(682, 'Penco', 34),
	(683, 'Quilaco', 34),
	(684, 'Quilleco', 34),
	(685, 'San Pedro de la Paz', 34),
	(686, 'San Rosendo', 34),
	(687, 'Santa Bárbara', 34),
	(688, 'Santa Juana', 34),
	(689, 'Talcahuano', 34),
	(690, 'Tirúa', 34),
	(691, 'Tomé', 34),
	(692, 'Tucapel', 34),
	(693, 'Yumbel', 34),
	(694, 'Chépica', 35),
	(695, 'Chimbarongo', 35),
	(696, 'Codegua', 35),
	(697, 'Coinco', 35),
	(698, 'Coltauco', 35),
	(699, 'Doñihue', 35),
	(700, 'Graneros', 35),
	(701, 'La Estrella', 35),
	(702, 'Las Cabras', 35),
	(703, 'Litueche', 35),
	(704, 'Lolol', 35),
	(705, 'Machalí', 35),
	(706, 'Malloa', 35),
	(707, 'Marchihue', 35),
	(708, 'Mostazal', 35),
	(709, 'Nancagua', 35),
	(710, 'Olivar', 35),
	(711, 'Palmilla', 35),
	(712, 'Paredones', 35),
	(713, 'Peumo', 35),
	(714, 'Pichidegua', 35),
	(715, 'Pichilemu', 35),
	(716, 'Placilla', 35),
	(717, 'Pumanque', 35),
	(718, 'Quinta de Tilcoco', 35),
	(719, 'Rancagua', 35),
	(720, 'Rengo', 35),
	(721, 'Requínoa', 35),
	(722, 'San Fernando', 35),
	(723, 'San Vicente', 35),
	(724, 'Santa Cruz', 35),
	(725, 'Cauquenes', 36),
	(726, 'Chanco', 36),
	(727, 'Colbún', 36),
	(728, 'Constitución', 36),
	(729, 'Curepto', 36),
	(730, 'Curicó', 36),
	(731, 'Empedrado', 36),
	(732, 'Hualañé', 36),
	(733, 'Licantén', 36),
	(734, 'Linares', 36),
	(735, 'Longaví', 36),
	(736, 'Maule', 36),
	(737, 'Molina', 36),
	(738, 'Parral', 36),
	(739, 'Pelarco', 36),
	(740, 'Pelluhue', 36),
	(741, 'Pencahue', 36),
	(742, 'Rauco', 36),
	(743, 'Retiro', 36),
	(744, 'Río Claro', 36),
	(745, 'Romeral', 36),
	(746, 'Sagrada Familia', 36),
	(747, 'San Clemente', 36),
	(748, 'San Javier', 36),
	(749, 'San Rafael', 36),
	(750, 'Talca', 36),
	(751, 'Teno', 36),
	(752, 'Vichuquén', 36),
	(753, 'Villa Alegre', 36),
	(754, 'Yerbas Buenas', 36),
	(755, 'Bulnes', 37),
	(756, 'Chillán', 37),
	(757, 'Chillán Viejo', 37),
	(758, 'Cobquecura', 37),
	(759, 'Coelemu', 37),
	(760, 'Coihueco', 37),
	(761, 'El Carmen', 37),
	(762, 'Ninhue', 37),
	(763, 'Ñiquén', 37),
	(764, 'Pemuco', 37),
	(765, 'Pinto', 37),
	(766, 'Portezuelo', 37),
	(767, 'Quillón', 37),
	(768, 'Quirihue', 37),
	(769, 'Ránquil', 37),
	(770, 'San Carlos', 37),
	(771, 'San Fabián', 37),
	(772, 'San Ignacio', 37),
	(773, 'San Nicolás', 37),
	(774, 'Treguaco', 37),
	(775, 'Yungay', 37),
	(776, 'Alhué', 38),
	(777, 'Buin', 38),
	(778, 'Calera de Tango', 38),
	(779, 'Cerrillos', 38),
	(780, 'Cerro Navia', 38),
	(781, 'Colina', 38),
	(782, 'Conchalí', 38),
	(783, 'Curacaví', 38),
	(784, 'El Bosque', 38),
	(785, 'El Monte', 38),
	(786, 'Estación Central', 38),
	(787, 'Huechuraba', 38),
	(788, 'Independencia', 38),
	(789, 'Isla de Maipo', 38),
	(790, 'La Cisterna', 38),
	(791, 'La Florida', 38),
	(792, 'La Granja', 38),
	(793, 'La Pintana', 38),
	(794, 'La Reina', 38),
	(795, 'Lampa', 38),
	(796, 'Las Condes', 38),
	(797, 'Lo Barnechea', 38),
	(798, 'Lo Espejo', 38),
	(799, 'Lo Prado', 38),
	(800, 'Macul', 38),
	(801, 'Maipú', 38),
	(802, 'María Pinto', 38),
	(803, 'Melipilla', 38),
	(804, 'Ñuñoa', 38),
	(805, 'Padre Hurtado', 38),
	(806, 'Paine', 38),
	(807, 'Pedro Aguirre Cerda', 38),
	(808, 'Peñaflor', 38),
	(809, 'Peñalolén', 38),
	(810, 'Pirque', 38),
	(811, 'Providencia', 38),
	(812, 'Pudahuel', 38),
	(813, 'Puente Alto', 38),
	(814, 'Quilicura', 38),
	(815, 'Quinta Normal', 38),
	(816, 'Recoleta', 38),
	(817, 'Renca', 38),
	(818, 'San Bernardo', 38),
	(819, 'San Joaquín', 38),
	(820, 'San José de Maipo', 38),
	(821, 'San Miguel', 38),
	(822, 'San Pedro', 38),
	(823, 'San Ramón', 38),
	(824, 'Santiago', 38),
	(825, 'Talagante', 38),
	(826, 'Tiltil', 38),
	(827, 'Vitacura', 38),
	(828, 'Alto Hospicio', 39),
	(829, 'Camiña', 39),
	(830, 'Colchane', 39),
	(831, 'Huara', 39),
	(832, 'Iquique', 39),
	(833, 'Pica', 39),
	(834, 'Pozo Almonte', 39),
	(835, 'Algarrobo', 40),
	(836, 'Cabildo', 40),
	(837, 'Calle Larga', 40),
	(838, 'Calera', 40),
	(839, 'Cartagena', 40),
	(840, 'Casablanca', 40),
	(841, 'Catemu', 40),
	(842, 'Concón', 40),
	(843, 'El Quisco', 40),
	(844, 'El Tabo', 40),
	(845, 'Hijuelas', 40),
	(846, 'Isla de Pascua', 40),
	(847, 'Juan Fernández', 40),
	(848, 'La Cruz', 40),
	(849, 'La Ligua', 40),
	(850, 'Limache', 40),
	(851, 'Llaillay', 40),
	(852, 'Los Andes', 40),
	(853, 'Nogales', 40),
	(854, 'Olmué', 40),
	(855, 'Panquehue', 40),
	(856, 'Papudo', 40),
	(857, 'Petorca', 40),
	(858, 'Puchuncaví', 40),
	(859, 'Putaendo', 40),
	(860, 'Quilpué', 40),
	(861, 'Quillota', 40),
	(862, 'Quintero', 40),
	(863, 'Rinconada', 40),
	(864, 'San Antonio', 40),
	(865, 'San Esteban', 40),
	(866, 'San Felipe', 40),
	(867, 'Santa María', 40),
	(868, 'Santo Domingo', 40),
	(869, 'Valparaíso', 40),
	(870, 'Villa Alemana', 40),
	(871, 'Viña del Mar', 40),
	(872, 'Zapallar', 40),
	(873, 'Artigas', 41),
	(874, 'Baltasar Brum', 41),
	(875, 'Bella Union', 41),
	(876, 'Bernabe Rivera', 41),
	(877, 'Cainsa', 41),
	(878, 'Cainza Campo 3', 41),
	(879, 'Calnu', 41),
	(880, 'Camaño', 41),
	(881, 'Catalan Grande', 41),
	(882, 'Catalan Volcan', 41),
	(883, 'Cerrito', 41),
	(884, 'Cerro Ejido', 41),
	(885, 'Cerro San Eugenio', 41),
	(886, 'Cerro Signorelli', 41),
	(887, 'Chiflero', 41),
	(888, 'Colonia España', 41),
	(889, 'Colonia Estrella', 41),
	(890, 'Colonia José Artigas', 41),
	(891, 'Colonia Palma', 41),
	(892, 'Colonia Pintado', 41),
	(893, 'Colonia Viñar', 41),
	(894, 'Coronado', 41),
	(895, 'Cuareim', 41),
	(896, 'Cuaro', 41),
	(897, 'Diego Lamas', 41),
	(898, 'Estiba', 41),
	(899, 'Fagúndez', 41),
	(900, 'Franquía', 41),
	(901, 'Guyubira', 41),
	(902, 'Javier De Viana', 41),
	(903, 'La Bolsa', 41),
	(904, 'Las Piedras', 41),
	(905, 'Lenguazo', 41),
	(906, 'Limite Contestado', 41),
	(907, 'Masoller', 41),
	(908, 'Meneses', 41),
	(909, 'Mones Quintela', 41),
	(910, 'Paguero', 41),
	(911, 'Palma Sola', 41),
	(912, 'Paredón', 41),
	(913, 'Paso Campamento', 41),
	(914, 'Paso De La Cruz', 41),
	(915, 'Paso De León', 41),
	(916, 'Paso De Ramos', 41),
	(917, 'Paso Farías', 41),
	(918, 'Patitas', 41),
	(919, 'Piedra Pintada', 41),
	(920, 'Pintadito', 41),
	(921, 'Pintado', 41),
	(922, 'Pintado Grande', 41),
	(923, 'Port. De Hierro Y Campodónico', 41),
	(924, 'Rincón De Pacheco', 41),
	(925, 'Sarandí De Cuaro', 41),
	(926, 'Sarandí De Yacuy', 41),
	(927, 'Sequeira', 41),
	(928, 'Tamandua', 41),
	(929, 'Taruman', 41),
	(930, 'Tomas Gomensoro', 41),
	(931, 'Topador', 41),
	(932, 'Zanja Aruera', 41),
	(933, 'Aeropuerto Internacional De Carrasco', 42),
	(934, 'Aguas Corrientes', 42),
	(935, 'Altos De La Tahona', 42),
	(936, 'Araminda', 42),
	(937, 'Arenal', 42),
	(938, 'Argentino', 42),
	(939, 'Atlantida', 42),
	(940, 'B.h.u.', 42),
	(941, 'Barra De Carrasco', 42),
	(942, 'Barra De La Pedrera', 42),
	(943, 'Barra Del Tala', 42),
	(944, 'Barrancas Coloradas', 42),
	(945, 'Barrío Artigas', 42),
	(946, 'Barrío Benzo', 42),
	(947, 'Barrío Copola', 42),
	(948, 'Barrío Del Libertador', 42),
	(949, 'Barrío La Lucha', 42),
	(950, 'Barrío Los Panoramas', 42),
	(951, 'Barrío Obrero', 42),
	(952, 'Barrío Pretti', 42),
	(953, 'Barrío Remanso', 42),
	(954, 'Barrío San Cristobal', 42),
	(955, 'Barrío Santa Rita', 42),
	(956, 'Barrío Traverso', 42),
	(957, 'Barrío Villa Murcia', 42),
	(958, 'Barros Blancos', 42),
	(959, 'Bello Horizonte', 42),
	(960, 'Biarritz', 42),
	(961, 'Blanco', 42),
	(962, 'Bolivar', 42),
	(963, 'Camino De La Cadena', 42),
	(964, 'Camino Dodera', 42),
	(965, 'Camino Lloveras', 42),
	(966, 'Campo Militar', 42),
	(967, 'Cañada Cardozo', 42),
	(968, 'Cañada De Montaño', 42),
	(969, 'Cañada Grande', 42),
	(970, 'Cañada Prudencio', 42),
	(971, 'Canelon Chico', 42),
	(972, 'Canelon Chico Al Centro', 42),
	(973, 'Canelon Chico De Progreso', 42),
	(974, 'Canelon Grande', 42),
	(975, 'Canelon Grande De Pacheco', 42),
	(976, 'Canelon Grande Norte', 42),
	(977, 'Canelones', 42),
	(978, 'Capilla De Cella', 42),
	(979, 'Carmel', 42),
	(980, 'Carrasco Del Sauce', 42),
	(981, 'Casarino', 42),
	(982, 'Castellanos', 42),
	(983, 'Cerrillos', 42),
	(984, 'Cerrillos Al Oeste', 42),
	(985, 'Cerrillos Al Sur', 42),
	(986, 'City Golf', 42),
	(987, 'Ciudad De La Costa', 42),
	(988, 'Cochengo', 42),
	(989, 'Colinas De Carrasco', 42),
	(990, 'Colinas De Solymar', 42),
	(991, 'Colonia Nicolich', 42),
	(992, 'Colorado Chico', 42),
	(993, 'Colorado Y Brujas', 42),
	(994, 'Costa Azul', 42),
	(995, 'Costa De Pando', 42),
	(996, 'Costa De Pando Olmos', 42),
	(997, 'Costa De Pando San Bautista', 42),
	(998, 'Costa De Pando San Jacinto', 42),
	(999, 'Costa Del Sauce', 42),
	(1000, 'Costa Del Tala Este', 42),
	(1001, 'Costa Del Tala Norte', 42),
	(1002, 'Costa Y Guillamon', 42),
	(1003, 'Costas De Pedernal', 42),
	(1004, 'Costas De Santa Lucia', 42),
	(1005, 'Costas De Solís', 42),
	(1006, 'Costas Del Colorado', 42),
	(1007, 'Costas Del Colorado Este', 42),
	(1008, 'Costas Del Tala', 42),
	(1009, 'Cruz De Los Caminos', 42),
	(1010, 'Cuchilla Alta', 42),
	(1011, 'Cuchilla Cabo De Hornos', 42),
	(1012, 'Cuchilla De Machin', 42),
	(1013, 'Cuchilla De Rocha', 42),
	(1014, 'Cuchilla De Sierra', 42),
	(1015, 'Cuchilla De Zeballos', 42),
	(1016, 'Cuchilla Verde', 42),
	(1017, 'Cueva Del Tigre', 42),
	(1018, 'Cumbres De Carrasco', 42),
	(1019, 'Dr. Francisco Soca', 42),
	(1020, 'Echevarria', 42),
	(1021, 'El Bosque', 42),
	(1022, 'El Bosque De Solymar', 42),
	(1023, 'El Colorado', 42),
	(1024, 'El Colorado De Migues', 42),
	(1025, 'El Colorado San Bautista', 42),
	(1026, 'El Cuadro', 42),
	(1027, 'El Dorado', 42),
	(1028, 'El Galeón', 42),
	(1029, 'El Pinar', 42),
	(1030, 'Empalme Dogliotti', 42),
	(1031, 'Empalme Nicolich', 42),
	(1032, 'Empalme Olmos', 42),
	(1033, 'Empalme Sauce', 42),
	(1034, 'Esquina Gonzalez', 42),
	(1035, 'Estación Atlantida', 42),
	(1036, 'Estación La Floresta', 42),
	(1037, 'Estación Migues', 42),
	(1038, 'Estación Pedrera', 42),
	(1039, 'Estación Piedras De Afilar', 42),
	(1040, 'Estación Tapia', 42),
	(1041, 'Estanque De Pando', 42),
	(1042, 'Feliciano', 42),
	(1043, 'Fortin De Santa Rosa', 42),
	(1044, 'Fracc Sobre Ruta 74', 42),
	(1045, 'Fracc. Cno. Andaluz Y R.84', 42),
	(1046, 'Fracc. Progreso', 42),
	(1047, 'Guazuvira', 42),
	(1048, 'Guazuvira Nuevo', 42),
	(1049, 'Haras Del Lago', 42),
	(1050, 'Instituto Adventista', 42),
	(1051, 'Jardínes De Pando', 42),
	(1052, 'Jaureguiberry', 42),
	(1053, 'Joaquín Suarez', 42),
	(1054, 'Juanico', 42),
	(1055, 'La Asuncion', 42),
	(1056, 'La Chinchilla', 42),
	(1057, 'La Floresta', 42),
	(1058, 'La Montañesa', 42),
	(1059, 'La Palmita', 42),
	(1060, 'La Paloma', 42),
	(1061, 'La Paz', 42),
	(1062, 'La Totora', 42),
	(1063, 'La Tuna', 42),
	(1064, 'Lago Jardín Del Bosque', 42),
	(1065, 'Lagomar', 42),
	(1066, 'Las Brujas', 42),
	(1067, 'Las Higueritas', 42),
	(1068, 'Las Piedras', 42),
	(1069, 'Las Ranas', 42),
	(1070, 'Las Toscas', 42),
	(1071, 'Las Vegas', 42),
	(1072, 'Las Violetas', 42),
	(1073, 'Lomas De Carrasco', 42),
	(1074, 'Lomas De Solymar', 42),
	(1075, 'Lomas De Toledo', 42),
	(1076, 'Los Ceibos', 42),
	(1077, 'Los Hornos', 42),
	(1078, 'Los Titanes', 42),
	(1079, 'Macana', 42),
	(1080, 'Margat', 42),
	(1081, 'Marindia', 42),
	(1082, 'Mata Siete', 42),
	(1083, 'Mataojo', 42),
	(1084, 'Medanos De Solymar', 42),
	(1085, 'Melgarejo', 42),
	(1086, 'Melilla', 42),
	(1087, 'Migues', 42),
	(1088, 'Montes', 42),
	(1089, 'Montes De Solymar', 42),
	(1090, 'Murialdo', 42),
	(1091, 'Nataly', 42),
	(1092, 'Neptunia', 42),
	(1093, 'Nutrias', 42),
	(1094, 'Olmos', 42),
	(1095, 'Pando', 42),
	(1096, 'Pantanoso', 42),
	(1097, 'Pantanoso Del Sauce', 42),
	(1098, 'Parada Cabrera', 42),
	(1099, 'Parador Tajes', 42),
	(1100, 'Parque Carrasco', 42),
	(1101, 'Parque De Solymar', 42),
	(1102, 'Parque Del Plata', 42),
	(1103, 'Parque Miramar', 42),
	(1104, 'Paso Arbelo', 42),
	(1105, 'Paso Carrasco', 42),
	(1106, 'Paso De Cuello', 42),
	(1107, 'Paso De La Cadena', 42),
	(1108, 'Paso De La Paloma', 42),
	(1109, 'Paso De La Salamanca', 42),
	(1110, 'Paso De Las Toscas', 42),
	(1111, 'Paso De Los Alamos', 42),
	(1112, 'Paso De Los Difuntos', 42),
	(1113, 'Paso De Los Francos', 42),
	(1114, 'Paso De Pache', 42),
	(1115, 'Paso Del Bote', 42),
	(1116, 'Paso Del Colorado', 42),
	(1117, 'Paso Del Sordo', 42),
	(1118, 'Paso Espinosa', 42),
	(1119, 'Paso Palomeque', 42),
	(1120, 'Paso Rivero De Vejigas', 42),
	(1121, 'Pedernal', 42),
	(1122, 'Pedernal Chico', 42),
	(1123, 'Pedernal Grande', 42),
	(1124, 'Piedra Del Toro', 42),
	(1125, 'Piedra Sola', 42),
	(1126, 'Piedras De Afilar', 42),
	(1127, 'Piedritas', 42),
	(1128, 'Piedritas De Suarez', 42),
	(1129, 'Pinamar', 42),
	(1130, 'Pinares De Solymar', 42),
	(1131, 'Pine Park', 42),
	(1132, 'Ponce Mata Siete', 42),
	(1133, 'Poquitos', 42),
	(1134, 'Progreso', 42),
	(1135, 'Puente De Brujas', 42),
	(1136, 'Puntas De Brujas', 42),
	(1137, 'Puntas De Cañada Cardozo', 42),
	(1138, 'Puntas De Cañada Grande', 42),
	(1139, 'Puntas De Canelon Chico', 42),
	(1140, 'Puntas De Cochengo', 42),
	(1141, 'Puntas De Las Violetas', 42),
	(1142, 'Puntas De Mata Siete', 42),
	(1143, 'Puntas De Pantanoso', 42),
	(1144, 'Puntas De Pantanoso Este', 42),
	(1145, 'Puntas De Pedrera', 42),
	(1146, 'Puntas De Vejigas', 42),
	(1147, 'Puntas Del Arenal', 42),
	(1148, 'Quinta Los Horneros', 42),
	(1149, 'Quintas Del Bosque', 42),
	(1150, 'Rancheríos De Ponce', 42),
	(1151, 'Rincón De Pando', 42),
	(1152, 'Rincón De Portezuelo', 42),
	(1153, 'Rincón De Velazquez', 42),
	(1154, 'Rincón De Vidal', 42),
	(1155, 'Rincón Del Colorado', 42),
	(1156, 'Rincón Del Conde', 42),
	(1157, 'Rincón Del Gigante', 42),
	(1158, 'Salinas', 42),
	(1159, 'San Andres', 42),
	(1160, 'San Antonio', 42),
	(1161, 'San Bautista', 42),
	(1162, 'San Jacinto', 42),
	(1163, 'San José De Carrasco', 42),
	(1164, 'San Luis', 42),
	(1165, 'San Pedro', 42),
	(1166, 'San Ramón', 42),
	(1167, 'Santa Ana', 42),
	(1168, 'Santa Lucia', 42),
	(1169, 'Santa Lucia Del Este', 42),
	(1170, 'Santa Rosa', 42),
	(1171, 'Santa Teresita', 42),
	(1172, 'Santos Lugares', 42),
	(1173, 'Sarandí De Migues', 42),
	(1174, 'Sauce', 42),
	(1175, 'Sauce De Solís', 42),
	(1176, 'Sauce Solo', 42),
	(1177, 'Sauce Solo De Migues', 42),
	(1178, 'Sauce Solo De Montes', 42),
	(1179, 'Seis Hermanos', 42),
	(1180, 'Shangrila', 42),
	(1181, 'Sofia Santos', 42),
	(1182, 'Solís Chico', 42),
	(1183, 'Solís Chico De Migues', 42),
	(1184, 'Solymar', 42),
	(1185, 'Sosa Diaz', 42),
	(1186, 'Tala', 42),
	(1187, 'Talita', 42),
	(1188, 'Toledo', 42),
	(1189, 'Totoral Del Sauce', 42),
	(1190, 'Vejigas', 42),
	(1191, 'Vejigas De San Ramón', 42),
	(1192, 'Vejigas De Tala', 42),
	(1193, 'Viejo Molino San Bernardo', 42),
	(1194, 'Villa Aeroparque', 42),
	(1195, 'Villa Arejo', 42),
	(1196, 'Villa Argentina', 42),
	(1197, 'Villa Crespo', 42),
	(1198, 'Villa El Tato', 42),
	(1199, 'Villa Encantada', 42),
	(1200, 'Villa Felicidad', 42),
	(1201, 'Villa Foresti', 42),
	(1202, 'Villa Fortuna', 42),
	(1203, 'Villa Hadita', 42),
	(1204, 'Villa Huertos De Toledo', 42),
	(1205, 'Villa Juana', 42),
	(1206, 'Villa Juanita', 42),
	(1207, 'Villa Los Alpes', 42),
	(1208, 'Villa Marina', 42),
	(1209, 'Villa Molfino', 42),
	(1210, 'Villa Nueva', 42),
	(1211, 'Villa Paz S.a.', 42),
	(1212, 'Villa Prados De Toledo', 42),
	(1213, 'Villa San Cono', 42),
	(1214, 'Villa San Felipe', 42),
	(1215, 'Villa San José', 42),
	(1216, 'Villa Valverde', 42),
	(1217, 'Vista Linda', 42),
	(1218, 'Acegua', 43),
	(1219, 'Aguirre', 43),
	(1220, 'Amarillo', 43),
	(1221, 'Arachania', 43),
	(1222, 'Arbolito', 43),
	(1223, 'Arevalo', 43),
	(1224, 'Arroyo Malo', 43),
	(1225, 'Arrozal Cesarone', 43),
	(1226, 'Arrozal Rosales', 43),
	(1227, 'Asperezas', 43),
	(1228, 'Bañado De Las Pajas', 43),
	(1229, 'Bañado De Medina', 43),
	(1230, 'Barra Del Sauce', 43),
	(1231, 'Barra Del Tacuari', 43),
	(1232, 'Barrío La Vinchuca', 43),
	(1233, 'Barrío Lopez Benitez', 43),
	(1234, 'Berachi', 43),
	(1235, 'Buena Vista', 43),
	(1236, 'Calera De Recalde', 43),
	(1237, 'Campamento', 43),
	(1238, 'Cañada Brava', 43),
	(1239, 'Cañada De Santos', 43),
	(1240, 'Cañada Grande', 43),
	(1241, 'Cañada Sarandí', 43),
	(1242, 'Cañitas', 43),
	(1243, 'Casa De Las Cronicas', 43),
	(1244, 'Caserío Las Cañas', 43),
	(1245, 'Cementerío', 43),
	(1246, 'Centuríon', 43),
	(1247, 'Cerro De Las Cuentas', 43),
	(1248, 'Chacras De Melo', 43),
	(1249, 'Coimbra', 43),
	(1250, 'Colonia Ceres', 43),
	(1251, 'Colonia Maria Teresa', 43),
	(1252, 'Colonia Orozco', 43),
	(1253, 'Conventos', 43),
	(1254, 'Corral De Piedra', 43),
	(1255, 'Cruz De Piedra', 43),
	(1256, 'Cuchilla Cambota', 43),
	(1257, 'Cuchilla De Melo', 43),
	(1258, 'Cuchilla Del Carmen', 43),
	(1259, 'Cuchilla Del Paraiso', 43),
	(1260, 'Cuchilla Peralta', 43),
	(1261, 'Duraznero', 43),
	(1262, 'Escuela De Agronomia', 43),
	(1263, 'Esperanza', 43),
	(1264, 'Falda De Sierra De Los Ríos', 43),
	(1265, 'Fraile Muerto', 43),
	(1266, 'Ganen', 43),
	(1267, 'Garao', 43),
	(1268, 'Granja De Acegua', 43),
	(1269, 'Granja Pallero', 43),
	(1270, 'Guazunambi', 43),
	(1271, 'Hipodromo', 43),
	(1272, 'Infiernillo', 43),
	(1273, 'Isidoro Noblia', 43),
	(1274, 'La Coronilla', 43),
	(1275, 'La Gloria', 43),
	(1276, 'La Micaela', 43),
	(1277, 'La Mina', 43),
	(1278, 'La Pedrera', 43),
	(1279, 'Laguna Del Junco', 43),
	(1280, 'Laguna Merin', 43),
	(1281, 'Las Limas', 43),
	(1282, 'Los Cerros', 43),
	(1283, 'Mangrullo', 43),
	(1284, 'Maria Isabel', 43),
	(1285, 'Mazangano', 43),
	(1286, 'Melo', 43),
	(1287, 'Minuano De Acegua', 43),
	(1288, 'Misterío', 43),
	(1289, 'Montecito', 43),
	(1290, 'Nando', 43),
	(1291, 'Ñangapire', 43),
	(1292, 'Panteon', 43),
	(1293, 'Paso De La Cruz', 43),
	(1294, 'Paso De Las Tropas', 43),
	(1295, 'Paso De Las Yeguas', 43),
	(1296, 'Paso De Los Carros', 43),
	(1297, 'Paso Melo', 43),
	(1298, 'Paso Pereira', 43),
	(1299, 'Peñarol', 43),
	(1300, 'Picada De Maya', 43),
	(1301, 'Picada De Salome', 43),
	(1302, 'Piedra Alta', 43),
	(1303, 'Piñeiro', 43),
	(1304, 'Placido Rosas', 43),
	(1305, 'Poblado Uruguay', 43),
	(1306, 'Presidente Doctor Getulio Vargas', 43),
	(1307, 'Puente Negro', 43),
	(1308, 'Puntas De Amarillo', 43),
	(1309, 'Puntas De La Mina', 43),
	(1310, 'Puntas De Molles', 43),
	(1311, 'Puntas De Palleros', 43),
	(1312, 'Puntas De Tacuari', 43),
	(1313, 'Puntas Del Sauce', 43),
	(1314, 'Quebracho', 43),
	(1315, 'Ramón Trigo', 43),
	(1316, 'Rincón De Contreras', 43),
	(1317, 'Rincón De La Urbana', 43),
	(1318, 'Rincón De Los Coroneles', 43),
	(1319, 'Rincón De Los Olivera', 43),
	(1320, 'Rincón De Paiva', 43),
	(1321, 'Rincón De Py', 43),
	(1322, 'Rincón De Suarez', 43),
	(1323, 'Rincón De Tacuari', 43),
	(1324, 'Río Branco', 43),
	(1325, 'Rodriguez', 43),
	(1326, 'Saldañas', 43),
	(1327, 'San Diego', 43),
	(1328, 'San Servando', 43),
	(1329, 'Sanchez', 43),
	(1330, 'Santa Teresa', 43),
	(1331, 'Sarandí De Acegua', 43),
	(1332, 'Sarandí De Barcelo', 43),
	(1333, 'Sarandí De Yaguaron', 43),
	(1334, 'Sauce De Conventos', 43),
	(1335, 'Soto Goro', 43),
	(1336, 'Toledo', 43),
	(1337, 'Tres Boliches', 43),
	(1338, 'Tres Islas', 43),
	(1339, 'Tupambaé', 43),
	(1340, 'Villa Viñoles', 43),
	(1341, 'Wenceslao Silvera', 43),
	(1342, 'Agraciada', 44),
	(1343, 'Arrivillaga', 44),
	(1344, 'Artilleros', 44),
	(1345, 'Barker', 44),
	(1346, 'Barker Norte', 44),
	(1347, 'Barrancas Coloradas', 44),
	(1348, 'Barrío Mendaña', 44),
	(1349, 'Barrío Olimpico', 44),
	(1350, 'Belgrano Norte', 44),
	(1351, 'Belgrano Sur', 44),
	(1352, 'Blanca Arena', 44),
	(1353, 'Boca Del Rosario', 44),
	(1354, 'Boca Del Rosario Oeste', 44),
	(1355, 'Bonjour', 44),
	(1356, 'Brisas Del Plata', 44),
	(1357, 'Buena Hora', 44),
	(1358, 'Campamento Artigas', 44),
	(1359, 'Campana', 44),
	(1360, 'Carmelo', 44),
	(1361, 'Caserío El Cerro', 44),
	(1362, 'Cerro Carmelo', 44),
	(1363, 'Cerro De Las Armas', 44),
	(1364, 'Cerros De San Juan', 44),
	(1365, 'Cerros Negros', 44),
	(1366, 'Chico Torino', 44),
	(1367, 'Colonia Arrue', 44),
	(1368, 'Colonia Cosmopolita', 44),
	(1369, 'Colonia Del Sacramento', 44),
	(1370, 'Colonia Española', 44),
	(1371, 'Colonia Española Km. 109', 44),
	(1372, 'Colonia Estrella', 44),
	(1373, 'Colonia Peirano', 44),
	(1374, 'Colonia Quevedo', 44),
	(1375, 'Colonia Sarandí', 44),
	(1376, 'Colonia Talice', 44),
	(1377, 'Colonia Valdense', 44),
	(1378, 'Conchillas', 44),
	(1379, 'Concordia', 44),
	(1380, 'Costa De Colla Al Este', 44),
	(1381, 'Costa De Rosario', 44),
	(1382, 'Costa De Tarariras', 44),
	(1383, 'Costa De Vacas', 44),
	(1384, 'Costa Del Navarro', 44),
	(1385, 'Costas De Juan Gonzalez', 44),
	(1386, 'Costas De Polonia', 44),
	(1387, 'Costas De San Juan', 44),
	(1388, 'Cufre', 44),
	(1389, 'Curupi', 44),
	(1390, 'El Bañado', 44),
	(1391, 'El Caño', 44),
	(1392, 'El Cerro', 44),
	(1393, 'El Chileno', 44),
	(1394, 'El Cuadro', 44),
	(1395, 'El Ensueño', 44),
	(1396, 'El Faro', 44),
	(1397, 'El General', 44),
	(1398, 'El Quinton', 44),
	(1399, 'El Semillero', 44),
	(1400, 'Estación Estanzuela', 44),
	(1401, 'Estación Experimental \'la Estanzuela\'', 44),
	(1402, 'Florencio Sanchez', 44),
	(1403, 'Fomento', 44),
	(1404, 'Gil', 44),
	(1405, 'Juan Carlos Caseros', 44),
	(1406, 'Juan Gonzalez', 44),
	(1407, 'Juan Jackson', 44),
	(1408, 'Juan Lacaze', 44),
	(1409, 'La Horqueta', 44),
	(1410, 'La Paz', 44),
	(1411, 'La Sierra', 44),
	(1412, 'Laguna De Los Patos', 44),
	(1413, 'Las Chispas', 44),
	(1414, 'Las Flores', 44),
	(1415, 'Lomas De Carmelo', 44),
	(1416, 'Los Pinos', 44),
	(1417, 'Manantiales', 44),
	(1418, 'Martin Chico', 44),
	(1419, 'Martin Chico De Conchillas', 44),
	(1420, 'Media Agua', 44),
	(1421, 'Miguelete', 44),
	(1422, 'Miguelete De Conchillas', 44),
	(1423, 'Minas De Narancio', 44),
	(1424, 'Minuano Y Sauce', 44),
	(1425, 'Molles De Miguelete', 44),
	(1426, 'Nueva Helvecia', 44),
	(1427, 'Nueva Palmira', 44),
	(1428, 'Ombues De Lavalle', 44),
	(1429, 'Paraje Minuano', 44),
	(1430, 'Paso Antolin', 44),
	(1431, 'Paso Birriel', 44),
	(1432, 'Paso De La Quinta', 44),
	(1433, 'Paso Hospital', 44),
	(1434, 'Paso Hospital Manantiales', 44),
	(1435, 'Paso Morlan', 44),
	(1436, 'Paso Quicho', 44),
	(1437, 'Pastoreo', 44),
	(1438, 'Picada De Benitez', 44),
	(1439, 'Piedra Chata', 44),
	(1440, 'Piedra De Los Indios', 44),
	(1441, 'Piedras Blancas', 44),
	(1442, 'Playa Azul', 44),
	(1443, 'Playa Britopolis', 44),
	(1444, 'Playa Parant', 44),
	(1445, 'Polancos', 44),
	(1446, 'Puerto Concordia', 44),
	(1447, 'Puerto Ingles', 44),
	(1448, 'Puerto Platero', 44),
	(1449, 'Puerto Rosario', 44),
	(1450, 'Punta Francesa', 44),
	(1451, 'Puntas De Juan Gonzalez', 44),
	(1452, 'Puntas De Melo', 44),
	(1453, 'Puntas De San Juan', 44),
	(1454, 'Puntas De San Pedro', 44),
	(1455, 'Puntas Del Riachuelo', 44),
	(1456, 'Puntas Del Sauce', 44),
	(1457, 'Quinton', 44),
	(1458, 'Radial Hernandez', 44),
	(1459, 'Radial Rosario', 44),
	(1460, 'Real De Vera', 44),
	(1461, 'Reducto', 44),
	(1462, 'Resguardo Cufre', 44),
	(1463, 'Riachuelo', 44),
	(1464, 'Rincón Del Rey', 44),
	(1465, 'Rosario', 44),
	(1466, 'Rosario Y Colla', 44),
	(1467, 'San Juan', 44),
	(1468, 'San Luis', 44),
	(1469, 'San Luis De Tarariras', 44),
	(1470, 'San Luis Sanchez', 44),
	(1471, 'San Pedro', 44),
	(1472, 'San Pedro De Arriba', 44),
	(1473, 'San Pedro Norte', 44),
	(1474, 'San Roque', 44),
	(1475, 'Santa Ana', 44),
	(1476, 'Santa Regina', 44),
	(1477, 'Santa Rosa', 44),
	(1478, 'Sarandí Campana', 44),
	(1479, 'Tarariras', 44),
	(1480, 'Terminal', 44),
	(1481, 'Tomas Bell', 44),
	(1482, 'Tres Esquinas', 44),
	(1483, 'Viboras', 44),
	(1484, 'Viboras Y Vacas', 44),
	(1485, 'Villa Pancha', 44),
	(1486, 'Zagarzazu', 44),
	(1487, 'Zunin', 44),
	(1488, 'Abella', 45),
	(1489, 'Aguas Buenas', 45),
	(1490, 'Arroyo De Los Perros', 45),
	(1491, 'Barrancas Coloradas', 45),
	(1492, 'Batovi', 45),
	(1493, 'Baygorria', 45),
	(1494, 'Blanquillo', 45),
	(1495, 'Blanquillo Al Oeste', 45),
	(1496, 'Caballero', 45),
	(1497, 'Capilla De Farruco', 45),
	(1498, 'Carlos Reyles', 45),
	(1499, 'Ceibal', 45),
	(1500, 'Cerrezuelo', 45),
	(1501, 'Cerro Convento', 45),
	(1502, 'Chacras De Durazno', 45),
	(1503, 'Chileno', 45),
	(1504, 'Chileno Chico', 45),
	(1505, 'Chileno Grande (aguero)', 45),
	(1506, 'Costa De Cuadra', 45),
	(1507, 'Cuchilla De Ramirez', 45),
	(1508, 'Cuchilla Del Rincón', 45),
	(1509, 'De Dios', 45),
	(1510, 'Durazno', 45),
	(1511, 'Elias Regules', 45),
	(1512, 'Estación Chileno', 45),
	(1513, 'Feliciano', 45),
	(1514, 'Fonseca', 45),
	(1515, 'Higueras De Carpinteria', 45),
	(1516, 'La Alegria', 45),
	(1517, 'La Mazamorra', 45),
	(1518, 'La Paloma', 45),
	(1519, 'Las Acacias', 45),
	(1520, 'Las Cañas', 45),
	(1521, 'Las Palmas', 45),
	(1522, 'Las Tunas', 45),
	(1523, 'Los Agregados', 45),
	(1524, 'Los Tapes', 45),
	(1525, 'Maestre Campo', 45),
	(1526, 'Malbajar Este', 45),
	(1527, 'Malbajar Oeste', 45),
	(1528, 'Maria Cejas', 45),
	(1529, 'Mariscala', 45),
	(1530, 'Mariscala Del Carmen', 45),
	(1531, 'Molles Chico', 45),
	(1532, 'Molles De Quinteros', 45),
	(1533, 'Mouriño', 45),
	(1534, 'Municipio De Durazno', 45),
	(1535, 'Ombues De Oribe', 45),
	(1536, 'Palmar De Porrua', 45),
	(1537, 'Parada Sur', 45),
	(1538, 'Parish', 45),
	(1539, 'Paso De Aguirre', 45),
	(1540, 'Paso De Castro', 45),
	(1541, 'Paso Del Medio Las Palmas', 45),
	(1542, 'Paso Ramirez', 45),
	(1543, 'Paso Real De Carpinteria', 45),
	(1544, 'Paso Tejera', 45),
	(1545, 'Pueblo Centenario', 45),
	(1546, 'Pueblo De Alvarez', 45),
	(1547, 'Puglia', 45),
	(1548, 'Puntas De Carpinteria', 45),
	(1549, 'Puntas De Herrera', 45),
	(1550, 'Puntas De Malbajar', 45),
	(1551, 'Rincón De Los Tapes', 45),
	(1552, 'Rolon', 45),
	(1553, 'Rossell Y Rius', 45),
	(1554, 'Salinas', 45),
	(1555, 'Salinas Chico', 45),
	(1556, 'San Jorge', 45),
	(1557, 'San José De Las Cañas', 45),
	(1558, 'Sande Chico', 45),
	(1559, 'Santa Bernardina', 45),
	(1560, 'Sarandí De La China', 45),
	(1561, 'Sarandí De Río Negro', 45),
	(1562, 'Sarandí Del Yi', 45),
	(1563, 'Sauce De Herrera', 45),
	(1564, 'Sauce Del Yi', 45),
	(1565, 'Tala De Mariscala', 45),
	(1566, 'Tejera', 45),
	(1567, 'Verdun', 45),
	(1568, 'Villa Del Carmen', 45),
	(1569, 'Villasboas', 45),
	(1570, 'Ahogados', 46),
	(1571, 'Andresito', 46),
	(1572, 'Arenal Chico', 46),
	(1573, 'Arenal Grande', 46),
	(1574, 'Arroyo Malo', 46),
	(1575, 'Cañada Amilivia', 46),
	(1576, 'Cerro Colorado', 46),
	(1577, 'Chacras', 46),
	(1578, 'Chacras De Borghi', 46),
	(1579, 'Colonia Alemana', 46),
	(1580, 'Costas De San José', 46),
	(1581, 'Costas Del Tala', 46),
	(1582, 'Cuchilla De Villasboas', 46),
	(1583, 'El Coronilla', 46),
	(1584, 'El Totoral', 46),
	(1585, 'Ferrizo', 46),
	(1586, 'Ismael Cortinas', 46),
	(1587, 'Juan José Castro', 46),
	(1588, 'La Alianza', 46),
	(1589, 'La Casilla', 46),
	(1590, 'La Cordobesa', 46),
	(1591, 'La Guardia', 46),
	(1592, 'Marincho', 46),
	(1593, 'Paso De Lugo', 46),
	(1594, 'Paso Hondo', 46),
	(1595, 'Pueblo Pintos', 46),
	(1596, 'Puntas De Chamanga', 46),
	(1597, 'Puntas De Marincho', 46),
	(1598, 'Puntas De San José', 46),
	(1599, 'Puntas De Sarandí', 46),
	(1600, 'Puntas Del Corral De Piedra', 46),
	(1601, 'Puntas Del Sauce', 46),
	(1602, 'Rincón Del Palacio', 46),
	(1603, 'San Gregorío De Flores', 46),
	(1604, 'Santa Adelaida', 46),
	(1605, 'Sarandí', 46),
	(1606, 'Talas De Maciel', 46),
	(1607, 'Trinidad', 46),
	(1608, 'Villa Pastora', 46),
	(1609, 'Villasboas', 46),
	(1610, '25 De Agosto', 47),
	(1611, '25 De Mayo', 47),
	(1612, 'Alejandro Gallinal', 47),
	(1613, 'Arrayan', 47),
	(1614, 'Arroyo Chamizo', 47),
	(1615, 'Arroyo De Los Negros', 47),
	(1616, 'Arroyo Latorre', 47),
	(1617, 'Arroyo Monzon', 47),
	(1618, 'Arroyo Pelado', 47),
	(1619, 'Arteaga', 47),
	(1620, 'Barra Molles Del Timote', 47),
	(1621, 'Barra Sauce De Mansavillagra', 47),
	(1622, 'Berrondo', 47),
	(1623, 'Calleri', 47),
	(1624, 'Candil', 47),
	(1625, 'Capilla Del Sauce', 47),
	(1626, 'Cardal', 47),
	(1627, 'Caserío La Fundacion', 47),
	(1628, 'Casupa', 47),
	(1629, 'Cerro Chato', 47),
	(1630, 'Cerro De La Macana', 47),
	(1631, 'Cerros De Florida', 47),
	(1632, 'Chacras De Florida', 47),
	(1633, 'Chacras Del Pintado', 47),
	(1634, 'Chamizo', 47),
	(1635, 'Chamizo Chico', 47),
	(1636, 'Chilcas', 47),
	(1637, 'Chingolas', 47),
	(1638, 'Colonia Sanchez', 47),
	(1639, 'Colonia Treinta Y Tres Orientales', 47),
	(1640, 'Corral De Piedra', 47),
	(1641, 'Costa De Arias', 47),
	(1642, 'Costa De Illescas', 47),
	(1643, 'Costa De La Cruz', 47),
	(1644, 'Costa De Parana', 47),
	(1645, 'Costa Del Tala', 47),
	(1646, 'Costas De Arias', 47),
	(1647, 'Costas De Chamizo', 47),
	(1648, 'Costas De Chamizo Grande', 47),
	(1649, 'Costas De Maciel', 47),
	(1650, 'Costas De Santa Lucia Chico', 47),
	(1651, 'Costas Del Amarillo', 47),
	(1652, 'Costas Del Pintado', 47),
	(1653, 'Costas Del Santa Lucia Grande', 47),
	(1654, 'Cuchilla Santo Domingo', 47),
	(1655, 'Dr. A. Gallinal', 47),
	(1656, 'Estación Capilla Del Sauce', 47),
	(1657, 'Ferrer', 47),
	(1658, 'Florida', 47),
	(1659, 'Fray Marcos', 47),
	(1660, 'Goñi', 47),
	(1661, 'Hernandarias', 47),
	(1662, 'Independencia', 47),
	(1663, 'Juncal', 47),
	(1664, 'La Cimbra', 47),
	(1665, 'La Cruz', 47),
	(1666, 'La Escobilla', 47),
	(1667, 'La Macana', 47),
	(1668, 'La Palma', 47),
	(1669, 'La Victoria', 47),
	(1670, 'Las Piedritas', 47),
	(1671, 'Mansavillagra', 47),
	(1672, 'Mendoza', 47),
	(1673, 'Mendoza Chico', 47),
	(1674, 'Molles Del Pescado', 47),
	(1675, 'Molles Del Timote', 47),
	(1676, 'Montecoral', 47),
	(1677, 'Nico Perez', 47),
	(1678, 'Palermo', 47),
	(1679, 'Pantanoso De Castro', 47),
	(1680, 'Paso Calleros', 47),
	(1681, 'Paso De Los Novillos', 47),
	(1682, 'Paso Real De Mansavillagra', 47),
	(1683, 'Paso Vela', 47),
	(1684, 'Piedra Campana', 47),
	(1685, 'Piedras Coloradas', 47),
	(1686, 'Pintado', 47),
	(1687, 'Polanco Del Yi', 47),
	(1688, 'Pueblo De Los Morochos', 47),
	(1689, 'Puente De Mendoza', 47),
	(1690, 'Puntas De Calleros', 47),
	(1691, 'Puntas De Chamame', 47),
	(1692, 'Puntas De Chamizo', 47),
	(1693, 'Puntas De Illescas', 47),
	(1694, 'Puntas De La Escobilla', 47),
	(1695, 'Puntas De Maciel', 47),
	(1696, 'Puntas De Mansavillagra', 47),
	(1697, 'Puntas De Sauce De Maciel', 47),
	(1698, 'Puntas Del Arroyo Latorre', 47),
	(1699, 'Reboledo', 47),
	(1700, 'Rincón De Los Camilos', 47),
	(1701, 'Rincón De Vignoli', 47),
	(1702, 'Rincón Sauce Del Yi', 47),
	(1703, 'San Gabriel', 47),
	(1704, 'San Geronimo', 47),
	(1705, 'San Juan', 47),
	(1706, 'San Pedro De Timote', 47),
	(1707, 'Santa Clara', 47),
	(1708, 'Santa Teresa', 47),
	(1709, 'Sarandí Grande', 47),
	(1710, 'Sauce De Maciel', 47),
	(1711, 'Sauce De Villanueva', 47),
	(1712, 'Sauce Del Yi', 47),
	(1713, 'Tabare', 47),
	(1714, 'Tala De Castro', 47),
	(1715, 'Tala De Maciel', 47),
	(1716, 'Talita', 47),
	(1717, 'Tornero', 47),
	(1718, 'Uríoste', 47),
	(1719, 'Valentines', 47),
	(1720, 'Vignoli', 47),
	(1721, 'Villa Hipica', 47),
	(1722, 'Villa Vieja', 47),
	(1723, '19 De Junio', 48),
	(1724, 'Abra De Zabaleta', 48),
	(1725, 'Aguas Blancas', 48),
	(1726, 'Aigua', 48),
	(1727, 'Alonso', 48),
	(1728, 'Andreoni', 48),
	(1729, 'Aramendia', 48),
	(1730, 'Arequita', 48),
	(1731, 'Arroyo De Los Patos', 48),
	(1732, 'Arroyo Del Medio', 48),
	(1733, 'Azucar', 48),
	(1734, 'Barra De Los Chanchos', 48),
	(1735, 'Barrancas', 48),
	(1736, 'Barriga Negra', 48),
	(1737, 'Barrío La Coronilla - Ancap', 48),
	(1738, 'Blanes Viale', 48),
	(1739, 'Campanero', 48),
	(1740, 'Canteras Del Verdun', 48),
	(1741, 'Carnales', 48),
	(1742, 'Casupa', 48),
	(1743, 'Casupa Chico', 48),
	(1744, 'Cerro Pelado', 48),
	(1745, 'Chamame', 48),
	(1746, 'Colón', 48),
	(1747, 'Consejo Del Niño', 48),
	(1748, 'Costa Del Lenguazo', 48),
	(1749, 'Costas De Corrales', 48),
	(1750, 'Costas Del Soldado', 48),
	(1751, 'El Alto', 48),
	(1752, 'El Perdido', 48),
	(1753, 'El Soldado', 48),
	(1754, 'El Tigre', 48),
	(1755, 'Espuelitas', 48),
	(1756, 'Estación Solís', 48),
	(1757, 'Gaetan (cuchilla De Carbajal)', 48),
	(1758, 'Godoy', 48),
	(1759, 'Gutierrez', 48),
	(1760, 'Higueritas', 48),
	(1761, 'Illescas', 48),
	(1762, 'José Batlle Y Ordoñez', 48),
	(1763, 'José Pedro Varela', 48),
	(1764, 'La Cuchilla', 48),
	(1765, 'La Plata', 48),
	(1766, 'Ladrillos', 48),
	(1767, 'Larrosa', 48),
	(1768, 'Las Achiras', 48),
	(1769, 'Los Tapes', 48),
	(1770, 'Manguera Azul', 48),
	(1771, 'Marco De Los Reyes', 48),
	(1772, 'Mariscala', 48),
	(1773, 'Marmaraja', 48),
	(1774, 'Minas', 48),
	(1775, 'Molles De Aigua', 48),
	(1776, 'Molles De Cañada Grande', 48),
	(1777, 'Molles Del Sauce', 48),
	(1778, 'Ombues De Bentancour', 48),
	(1779, 'Ortiz', 48),
	(1780, 'Ortiz Castro', 48),
	(1781, 'Paso Arbelo', 48),
	(1782, 'Paso De Los Troncos', 48),
	(1783, 'Paso De Mesa', 48),
	(1784, 'Piraraja', 48),
	(1785, 'Polanco', 48),
	(1786, 'Polanco Norte', 48),
	(1787, 'Polanco Sur', 48),
	(1788, 'Pororo', 48),
	(1789, 'Puente De Marmaraja', 48),
	(1790, 'Puntas De Barriga Negra', 48),
	(1791, 'Puntas De Los Chanchos', 48),
	(1792, 'Puntas De Polanco', 48),
	(1793, 'Puntas De San Francisco', 48),
	(1794, 'Puntas De Santa Lucia', 48),
	(1795, 'Puntas De Solís', 48),
	(1796, 'Puntas De Vejigas', 48),
	(1797, 'Puntas Del Perdido', 48),
	(1798, 'Retamosa', 48),
	(1799, 'Rincón De Cebollati', 48),
	(1800, 'Rincón De Mariscala', 48),
	(1801, 'Rincón De Silva', 48),
	(1802, 'Roldan', 48),
	(1803, 'San Francisco De Las Sierras', 48),
	(1804, 'Santa Lucia', 48),
	(1805, 'Sarandí De Gutierrez', 48),
	(1806, 'Sauce De Aigua', 48),
	(1807, 'Sauce De Olimar Chico', 48),
	(1808, 'Sierras Blancas', 48),
	(1809, 'Soldado', 48),
	(1810, 'Solís', 48),
	(1811, 'Solís De Mataojo', 48),
	(1812, 'Solís Grande', 48),
	(1813, 'Tapes Chico', 48),
	(1814, 'Tapes Grande', 48),
	(1815, 'Valle De Solís', 48),
	(1816, 'Vejigas', 48),
	(1817, 'Velazquez', 48),
	(1818, 'Verdun', 48),
	(1819, 'Villa Del Rosario', 48),
	(1820, 'Villa Serrana', 48),
	(1821, 'Zapican', 48),
	(1822, 'Abra De Castellanos', 49),
	(1823, 'Abra De Perdomo', 49),
	(1824, 'Aiguá', 49),
	(1825, 'Alfaro', 49),
	(1826, 'Alferez', 49),
	(1827, 'Arenas De José Ignacio', 49),
	(1828, 'Arroyito De Medina', 49),
	(1829, 'Balnearío Buenos Aires', 49),
	(1830, 'Barra De Portezuelo', 49),
	(1831, 'Barra Del Sauce', 49),
	(1832, 'Bella Vista', 49),
	(1833, 'Buenos Aires', 49),
	(1834, 'Cañada Bellaca', 49),
	(1835, 'Cañada De La Cruz', 49),
	(1836, 'Canteras De Marelli', 49),
	(1837, 'Carape', 49),
	(1838, 'Carlos Cal', 49),
	(1839, 'Cerro Pelado', 49),
	(1840, 'Cerros Azules', 49),
	(1841, 'Chihuahua', 49),
	(1842, 'Colonia J. Suarez', 49),
	(1843, 'Coronilla', 49),
	(1844, 'Corte De La Leña', 49),
	(1845, 'Costas De José Ignacio', 49),
	(1846, 'Eden Rock', 49),
	(1847, 'El Chorro', 49),
	(1848, 'El Eden', 49),
	(1849, 'El Quijote', 49),
	(1850, 'El Tesoro', 49),
	(1851, 'Faro José Ignacio', 49),
	(1852, 'Faro José Ignacio Norte', 49),
	(1853, 'Garzon', 49),
	(1854, 'Gerona', 49),
	(1855, 'Gregorío Aznarez', 49),
	(1856, 'Guardia Vieja', 49),
	(1857, 'José Ignacio', 49),
	(1858, 'La Barra', 49),
	(1859, 'La Capuera', 49),
	(1860, 'La Falda', 49),
	(1861, 'La Juanita', 49),
	(1862, 'La Sierra', 49),
	(1863, 'La Sonrisa', 49),
	(1864, 'Lago De Los Cisnes', 49),
	(1865, 'Laguna Blanca', 49),
	(1866, 'Laguna Del Sauce', 49),
	(1867, 'Las Cañas', 49),
	(1868, 'Las Cumbres', 49),
	(1869, 'Las Flores', 49),
	(1870, 'Las Flores - Estación', 49),
	(1871, 'Los Aromos', 49),
	(1872, 'Los Ceibos', 49),
	(1873, 'Los Corchos', 49),
	(1874, 'Los Talas', 49),
	(1875, 'Maldonado', 49),
	(1876, 'Manantiales', 49),
	(1877, 'Mataojo', 49),
	(1878, 'Molles De Garzon', 49),
	(1879, 'Nueva Carrara', 49),
	(1880, 'Ocean Park', 49),
	(1881, 'Pago De La Paja', 49),
	(1882, 'Pan De Azucar', 49),
	(1883, 'Parque Medina', 49),
	(1884, 'Partido Norte', 49),
	(1885, 'Partido Oeste', 49),
	(1886, 'Paso De La Cantera', 49),
	(1887, 'Paso De Los Talas', 49),
	(1888, 'Pinares - Las Delicias', 49),
	(1889, 'Piriapolis', 49),
	(1890, 'Playa Grande', 49),
	(1891, 'Playa Hermosa', 49),
	(1892, 'Playa Verde', 49),
	(1893, 'Portezuelo', 49),
	(1894, 'Pueblo Solís', 49),
	(1895, 'Punta Ballena', 49),
	(1896, 'Punta Colorada', 49),
	(1897, 'Punta Del Este', 49),
	(1898, 'Punta Fria', 49),
	(1899, 'Punta Negra', 49),
	(1900, 'Puntas De José Ignacio', 49),
	(1901, 'Puntas De La Sierra', 49),
	(1902, 'Puntas De Mataojo', 49),
	(1903, 'Puntas De Pan De Azucar', 49),
	(1904, 'Puntas Del Campanera', 49),
	(1905, 'Rincón De Aparicio', 49),
	(1906, 'Rincón De Los Sosa', 49),
	(1907, 'Rincón Del Indio', 49),
	(1908, 'Ruta 37 Y 9', 49),
	(1909, 'Salamanca', 49),
	(1910, 'San Carlos', 49),
	(1911, 'San Juan Del Este', 49),
	(1912, 'San Rafael El Placer', 49),
	(1913, 'San Vicente', 49),
	(1914, 'Santa Monica', 49),
	(1915, 'Sarandí De Aigua', 49),
	(1916, 'Sarandí Del Mataojo', 49),
	(1917, 'Sauce De Aigua', 49),
	(1918, 'Sauce De Portezuelo', 49),
	(1919, 'Solís', 49),
	(1920, 'Valdivia', 49),
	(1921, 'Villa Delia', 49),
	(1922, 'Zanja Del Tigre', 49),
	(1923, 'Melilla', 50),
	(1924, 'Montevideo', 50),
	(1925, 'Santiago Vazquez', 50),
	(1926, 'Al Sur De Arroyo Sacra', 51),
	(1927, 'Araujo', 51),
	(1928, 'Arroyo Malo', 51),
	(1929, 'Arroyo Negro', 51),
	(1930, 'Beisso', 51),
	(1931, 'Bella Vista', 51),
	(1932, 'Cañada Del Pueblo', 51),
	(1933, 'Cangue', 51),
	(1934, 'Carumbe', 51),
	(1935, 'Casablanca', 51),
	(1936, 'Cerro Chato', 51),
	(1937, 'Chacras De Paysandú', 51),
	(1938, 'Chacras De Paysandú Norte', 51),
	(1939, 'Chacras De Paysandú Sur', 51),
	(1940, 'Chapicuy', 51),
	(1941, 'Colonia Arroyo Malo', 51),
	(1942, 'Colonia Cangue', 51),
	(1943, 'Colonia Juncal', 51),
	(1944, 'Colonia Las Delicias', 51),
	(1945, 'Colonia Paysandú', 51),
	(1946, 'Colonia Santa Blanca', 51),
	(1947, 'Colonia Uruguaya', 51),
	(1948, 'Constancia', 51),
	(1949, 'Costa De Sacra', 51),
	(1950, 'Cuchilla De Buricayupi', 51),
	(1951, 'Cuchilla De Fuego', 51),
	(1952, 'Cuchilla San José', 51),
	(1953, 'Dayman (parada Dayman)', 51),
	(1954, 'El Chaco', 51),
	(1955, 'El Duraznal', 51),
	(1956, 'El Eucaliptus', 51),
	(1957, 'El Horno', 51),
	(1958, 'El Tarugo', 51),
	(1959, 'Esperanza', 51),
	(1960, 'Estación Porvenir', 51),
	(1961, 'Etchemendi', 51),
	(1962, 'Gallinal', 51),
	(1963, 'Guaviyu De Quebracho', 51),
	(1964, 'Guayabos', 51),
	(1965, 'Guichon', 51),
	(1966, 'La Lata Ruta 3 (km. 375)', 51),
	(1967, 'La Paz (ruta 3 Km. 346)', 51),
	(1968, 'La Tentacion', 51),
	(1969, 'Las Flores', 51),
	(1970, 'Las Palmas', 51),
	(1971, 'Lorenzo Geyres', 51),
	(1972, 'Molles Grande', 51),
	(1973, 'Morato (tres árboles)', 51),
	(1974, 'Nuevo Paysandú', 51),
	(1975, 'Orgoroso', 51),
	(1976, 'Palmar Del Quebracho', 51),
	(1977, 'Pandule', 51),
	(1978, 'Parada Rivas', 51),
	(1979, 'Paso De Los Carros', 51),
	(1980, 'Paysandú', 51),
	(1981, 'Perico Moreno', 51),
	(1982, 'Piedra Sola', 51),
	(1983, 'Piedras Coloradas', 51),
	(1984, 'Piñera', 51),
	(1985, 'Porvenir', 51),
	(1986, 'Pueblo Alonzo', 51),
	(1987, 'Pueblo Federacion', 51),
	(1988, 'Puntas De Arroyo Negro', 51),
	(1989, 'Puntas De Bacacua', 51),
	(1990, 'Puntas De Buricayupi', 51),
	(1991, 'Puntas De Cangue', 51),
	(1992, 'Puntas De Gualeguay', 51),
	(1993, 'Puntas De Las Isletas', 51),
	(1994, 'Quebracho', 51),
	(1995, 'Queguay Grande', 51),
	(1996, 'Queguayar', 51),
	(1997, 'Rabon', 51),
	(1998, 'San Felix', 51),
	(1999, 'San Francisco', 51),
	(2000, 'San Mauricio', 51),
	(2001, 'San Miguel', 51),
	(2002, 'Santa Kilda', 51),
	(2003, 'Sauce De Abajo', 51),
	(2004, 'Sauce Del Buricayupi', 51),
	(2005, 'Sauce Del Queguay', 51),
	(2006, 'Soto', 51),
	(2007, 'Tambores', 51),
	(2008, 'Termas De Almiron', 51),
	(2009, 'Termas De Guaviyu', 51),
	(2010, 'Tomas Paz', 51),
	(2011, 'Totoral', 51),
	(2012, 'Tres Bocas', 51),
	(2013, 'Valdez', 51),
	(2014, 'Villa Maria (tiatucura)', 51),
	(2015, 'Zeballos', 51),
	(2016, 'Algorta', 52),
	(2017, 'Arroyo Negro', 52),
	(2018, 'Barrío Anglo', 52),
	(2019, 'Bellaco', 52),
	(2020, 'Cañitas', 52),
	(2021, 'Caracoles', 52),
	(2022, 'Don Esteban', 52),
	(2023, 'El Abrojal', 52),
	(2024, 'El Ombu', 52),
	(2025, 'El Progreso', 52),
	(2026, 'El Surco', 52),
	(2027, 'Estación Francia', 52),
	(2028, 'Estancia Vichadero', 52),
	(2029, 'Fray Bentos', 52),
	(2030, 'Grecco', 52),
	(2031, 'Isla De Arguelles', 52),
	(2032, 'La Arena', 52),
	(2033, 'La Coronilla', 52),
	(2034, 'La Florida', 52),
	(2035, 'La Palma', 52),
	(2036, 'La Union', 52),
	(2037, 'Las Cañas', 52),
	(2038, 'Las Flores', 52),
	(2039, 'Las Fracciones', 52),
	(2040, 'Las Margaritas', 52),
	(2041, 'Los Arrayanes', 52),
	(2042, 'Los Mellizos', 52),
	(2043, 'Los Ranchos', 52),
	(2044, 'Mataojo', 52),
	(2045, 'Menafra', 52),
	(2046, 'Merinos', 52),
	(2047, 'Molles De Porrua', 52),
	(2048, 'Nuevo Berlin', 52),
	(2049, 'Ombucitos', 52),
	(2050, 'Palmar Grande', 52),
	(2051, 'Paso De Balbuena', 52),
	(2052, 'Paso De Leopoldo', 52),
	(2053, 'Paso De Los Cobres', 52),
	(2054, 'Paso De Soca', 52),
	(2055, 'Paso Ramirez', 52),
	(2056, 'Pauru', 52),
	(2057, 'Porton Haedo', 52),
	(2058, 'Pte. San Martin', 52),
	(2059, 'Puntas De Averías', 52),
	(2060, 'Rolon', 52),
	(2061, 'San Javier', 52),
	(2062, 'San Lorenzo', 52),
	(2063, 'Sanchez', 52),
	(2064, 'Sanchez Chico', 52),
	(2065, 'Santa Elisa', 52),
	(2066, 'Santa Isabel', 52),
	(2067, 'Santa Rosa', 52),
	(2068, 'Sarandí', 52),
	(2069, 'Sarandí De Navarro', 52),
	(2070, 'Sauce', 52),
	(2071, 'Tres Bocas', 52),
	(2072, 'Tres Quintas', 52),
	(2073, 'Uleste', 52),
	(2074, 'Valle De Soba', 52),
	(2075, 'Villa General Borges', 52),
	(2076, 'Villa Maria', 52),
	(2077, 'Yaguarete', 52),
	(2078, 'Young', 52),
	(2079, 'Abrojal', 53),
	(2080, 'Alborada', 53),
	(2081, 'Amarillo', 53),
	(2082, 'Arroyo Blanco', 53),
	(2083, 'Arroyo Sauzal', 53),
	(2084, 'Ataques', 53),
	(2085, 'Bañado Del Chaja', 53),
	(2086, 'Barra De Ataques', 53),
	(2087, 'Batovi', 53),
	(2088, 'Berruti', 53),
	(2089, 'Blanquillos', 53),
	(2090, 'Buena Orden Al Norte', 53),
	(2091, 'Buena Union', 53),
	(2092, 'Capon Alto', 53),
	(2093, 'Caraguata', 53),
	(2094, 'Carpinteria', 53),
	(2095, 'Cerrillada', 53),
	(2096, 'Cerro Alegre', 53),
	(2097, 'Cerro Blanco De Cuñapiru', 53),
	(2098, 'Cerro Caqueiro', 53),
	(2099, 'Cerro Chapeu', 53),
	(2100, 'Cerro Chato', 53),
	(2101, 'Cerro Pelado', 53),
	(2102, 'Cerro Pelado Al Este', 53),
	(2103, 'Cerro Solito', 53),
	(2104, 'Cerros Blancos', 53),
	(2105, 'Cerros De La Calera', 53),
	(2106, 'Chirca De Caraguata', 53),
	(2107, 'Coronilla', 53),
	(2108, 'Coronilla De Corrales', 53),
	(2109, 'Costas De Cuñapiru', 53),
	(2110, 'Cruz De San Pedro', 53),
	(2111, 'Cuchilla De Tres Cerros', 53),
	(2112, 'Cuchilla De Yaguari', 53),
	(2113, 'Cuchilla Mangueras', 53),
	(2114, 'Cuñapiru', 53),
	(2115, 'Curticeiras', 53),
	(2116, 'Curtume', 53),
	(2117, 'El Ceibo', 53),
	(2118, 'El Palmito', 53),
	(2119, 'Guaviyu', 53),
	(2120, 'Hospital', 53),
	(2121, 'La Caillava', 53),
	(2122, 'La Calera', 53),
	(2123, 'La Cerrillada', 53),
	(2124, 'La Chilca', 53),
	(2125, 'La Palma', 53),
	(2126, 'La Pedrera', 53),
	(2127, 'Lagos Del Norte', 53),
	(2128, 'Lagunon', 53),
	(2129, 'Lapuente', 53),
	(2130, 'Las Flores', 53),
	(2131, 'Laureles', 53),
	(2132, 'Los Potreros', 53),
	(2133, 'Lunarejo', 53),
	(2134, 'Mandubi', 53),
	(2135, 'Manuel Diaz', 53),
	(2136, 'Masoller', 53),
	(2137, 'Minas De Corrales', 53),
	(2138, 'Minas De Cuñapiru (usinas)', 53),
	(2139, 'Minas De Zapucay', 53),
	(2140, 'Moirones', 53),
	(2141, 'Parada Medina', 53),
	(2142, 'Paso Amarillo', 53),
	(2143, 'Paso Ataques', 53),
	(2144, 'Paso De Arriera', 53),
	(2145, 'Paso De Ataques', 53),
	(2146, 'Paso De Frontera', 53),
	(2147, 'Paso De Gaire', 53),
	(2148, 'Paso De La Arena', 53),
	(2149, 'Paso De La Calera', 53),
	(2150, 'Paso Del Lagunon', 53),
	(2151, 'Paso Del Puerto', 53),
	(2152, 'Paso Del Tapado', 53),
	(2153, 'Paso Serpa', 53),
	(2154, 'Piedras Blancas', 53),
	(2155, 'Platon', 53),
	(2156, 'Pueblo De Los Santos', 53),
	(2157, 'Pueblo Socorro', 53),
	(2158, 'Puntas De Abrojal', 53),
	(2159, 'Puntas De Corrales', 53),
	(2160, 'Puntas De Cuñapiru', 53),
	(2161, 'Puntas Del Sauzal', 53),
	(2162, 'Puntas Del Yaguari', 53),
	(2163, 'Rincón De Amarillo', 53),
	(2164, 'Rincón De Diniz', 53),
	(2165, 'Rincón De Los Castillos', 53),
	(2166, 'Rincón De Moraes', 53),
	(2167, 'Rincón De Rodriguez', 53),
	(2168, 'Rincón De Roland', 53),
	(2169, 'Rincón De Tres Cerros', 53),
	(2170, 'Rincón De Yaguari', 53),
	(2171, 'Rivera', 53),
	(2172, 'San Gregorío', 53),
	(2173, 'Santa Ernestina', 53),
	(2174, 'Santa Isabel', 53),
	(2175, 'Santa Teresa', 53),
	(2176, 'Sauce De Batovi', 53),
	(2177, 'Sauzal', 53),
	(2178, 'Segarra', 53),
	(2179, 'Tranqueras', 53),
	(2180, 'Tres Cerros', 53),
	(2181, 'Tres Cruces', 53),
	(2182, 'Tres Puentes', 53),
	(2183, 'Vichadero', 53),
	(2184, 'Villa Indart', 53),
	(2185, 'Yaguari', 53),
	(2186, 'Zanja Honda', 53),
	(2187, 'Zanja Honda De Tranqueras', 53),
	(2188, '18 De Julio', 54),
	(2189, '19 De Abril', 54),
	(2190, 'Abra De Alferez', 54),
	(2191, 'Aguas Dulces', 54),
	(2192, 'Alferez', 54),
	(2193, 'Antoniopolis', 54),
	(2194, 'Arachania', 54),
	(2195, 'Arbolito', 54),
	(2196, 'Balnearío Pueblo Nuevo', 54),
	(2197, 'Barra De Valizas', 54),
	(2198, 'Barra Del Chuy', 54),
	(2199, 'Barra Isla Negra', 54),
	(2200, 'Barrancas De La Coronilla', 54),
	(2201, 'Barrío Cardozo', 54),
	(2202, 'Barrío Carpacho', 54),
	(2203, 'Barrío Pereira', 54),
	(2204, 'Barrío Porvenir', 54),
	(2205, 'Barrío Torres', 54),
	(2206, 'Cabo Polonio', 54),
	(2207, 'Capacho', 54),
	(2208, 'Castillos', 54),
	(2209, 'Cebollati', 54),
	(2210, 'Cerro De Los Rocha', 54),
	(2211, 'Cerro De Pescadores', 54),
	(2212, 'Chuy', 54),
	(2213, 'Colonia Greissing', 54),
	(2214, 'Costas De Cebollati', 54),
	(2215, 'Cuchilla De Garzon', 54),
	(2216, 'Cuchilla Del Arbolito', 54),
	(2217, 'El Canelon', 54),
	(2218, 'El Chimango', 54),
	(2219, 'Empalme De Velazquez', 54),
	(2220, 'Garzon Abajo', 54),
	(2221, 'Garzon Al Medio', 54),
	(2222, 'Garzon Arriba', 54),
	(2223, 'India Muerta', 54),
	(2224, 'Isla Negra', 54),
	(2225, 'Kilometro 18', 54),
	(2226, 'La Aguada Y Costa Azul', 54),
	(2227, 'La Centinela', 54),
	(2228, 'La Coronilla', 54),
	(2229, 'La Esmeralda', 54),
	(2230, 'La Fortaleza De Santa Teresa', 54),
	(2231, 'La Paloma', 54),
	(2232, 'La Pedrera', 54),
	(2233, 'La Ribiera', 54),
	(2234, 'La Sierra', 54),
	(2235, 'La Tuna', 54),
	(2236, 'Lascano', 54),
	(2237, 'Lomas', 54),
	(2238, 'Los Ajos', 54),
	(2239, 'Los Cerrillos', 54),
	(2240, 'Los Indios', 54),
	(2241, 'Oceania Del Polonio', 54),
	(2242, 'Oratorío', 54),
	(2243, 'Palmar', 54),
	(2244, 'Palmar De Castillos', 54),
	(2245, 'Palmares De La Coronilla', 54),
	(2246, 'Paralle', 54),
	(2247, 'Paso De Lopez', 54),
	(2248, 'Paso Del Bañado', 54),
	(2249, 'Paso Del Ombu', 54),
	(2250, 'Paso Doña Rosa', 54),
	(2251, 'Picada Tolosa', 54),
	(2252, 'Plano 291', 54),
	(2253, 'Pueblo Nuevo', 54),
	(2254, 'Puente Valizas', 54),
	(2255, 'Puerto De Los Botes', 54),
	(2256, 'Puimayen', 54),
	(2257, 'Punta Cebollati', 54),
	(2258, 'Punta Del Diablo', 54),
	(2259, 'Punta Palmar', 54),
	(2260, 'Punta Rubia', 54),
	(2261, 'Puntas De Don Carlos', 54),
	(2262, 'Quebracho', 54),
	(2263, 'Rincón De Los Olivera', 54),
	(2264, 'Rincón De Valizas', 54),
	(2265, 'Rocha', 54),
	(2266, 'Samuel', 54),
	(2267, 'San Antonio', 54),
	(2268, 'San Luis Al Medio', 54),
	(2269, 'San Sebastian', 54),
	(2270, 'San Sebastian De La Pedrera', 54),
	(2271, 'Sarandí De La India Muerta', 54),
	(2272, 'Sauce De Rocha', 54),
	(2273, 'Sierra De Los Rocha', 54),
	(2274, 'Tajamares De La Pedrera', 54),
	(2275, 'Velazquez', 54),
	(2276, 'Vuelta Del Palmar', 54),
	(2277, 'Albisu', 55),
	(2278, 'Arenitas Blancas', 55),
	(2279, 'Barrío Hipodromo', 55),
	(2280, 'Belen', 55),
	(2281, 'Biassini', 55),
	(2282, 'Bordenave', 55),
	(2283, 'Campo De Todos', 55),
	(2284, 'Carumbe', 55),
	(2285, 'Cayetano', 55),
	(2286, 'Celeste', 55),
	(2287, 'Cerrillada', 55),
	(2288, 'Cerrilladas De Saucedo', 55),
	(2289, 'Cerro Chato', 55),
	(2290, 'Cerros De Vera', 55),
	(2291, 'Chacras De Constitucion', 55),
	(2292, 'Colonia 18 De Julio', 55),
	(2293, 'Colonia Itapebi', 55),
	(2294, 'Colonia Osimani', 55),
	(2295, 'Colonia Rubio', 55),
	(2296, 'Constitucion', 55),
	(2297, 'Corral De Piedra', 55),
	(2298, 'Corralito', 55),
	(2299, 'Cuchilla De Guaviyu', 55),
	(2300, 'Cuchilla Del Salto', 55),
	(2301, 'El Espinillar', 55),
	(2302, 'El Mellado', 55),
	(2303, 'Ferreira', 55),
	(2304, 'Garibaldi', 55),
	(2305, 'Guaviyu De Arapey', 55),
	(2306, 'Itapebi', 55),
	(2307, 'La Bolsa', 55),
	(2308, 'La Bolsa 02', 55),
	(2309, 'La Bolsa 03', 55),
	(2310, 'La Viticola', 55),
	(2311, 'Las Flores', 55),
	(2312, 'Laureles', 55),
	(2313, 'Lavalleja', 55),
	(2314, 'Lluveras', 55),
	(2315, 'Los Orientales', 55),
	(2316, 'Mataojito', 55),
	(2317, 'Mataojo', 55),
	(2318, 'Mataojo Grande', 55),
	(2319, 'Nueva Hesperides', 55),
	(2320, 'Olivera', 55),
	(2321, 'Osimani Y Llerena', 55),
	(2322, 'Palomas', 55),
	(2323, 'Parada Herreria', 55),
	(2324, 'Parque José Luis', 55),
	(2325, 'Paso Cementerío', 55),
	(2326, 'Paso De Las Piedras De Arerungua', 55),
	(2327, 'Paso Del Parque Del Dayman', 55),
	(2328, 'Paso Del Potrero', 55),
	(2329, 'Paso Del Tapado', 55),
	(2330, 'Paso Fialho', 55),
	(2331, 'Paso Nuevo Del Arapey', 55),
	(2332, 'Paso Valega', 55),
	(2333, 'Pepe Nuñez', 55),
	(2334, 'Pueblo Farías', 55),
	(2335, 'Puntas De Valentin', 55),
	(2336, 'Quintana', 55),
	(2337, 'Rincón De Valentin', 55),
	(2338, 'Russo', 55),
	(2339, 'Salto', 55),
	(2340, 'San Antonio', 55),
	(2341, 'Sarandí De Arapey', 55),
	(2342, 'Sauce Chico', 55),
	(2343, 'Saucedo', 55),
	(2344, 'Talas De Itapebi', 55),
	(2345, 'Termas Del Arapey', 55),
	(2346, 'Termas Del Dayman', 55),
	(2347, 'Toro Negro', 55),
	(2348, 'Tropezon', 55),
	(2349, 'Tropiezo', 55),
	(2350, 'Valentin Grande', 55),
	(2351, 'Zanja De Alcain', 55),
	(2352, 'Zanja Del Tigre', 55),
	(2353, '18 De Julio', 56),
	(2354, 'Arroyo De La Virgen', 56),
	(2355, 'Arroyo Llano', 56),
	(2356, 'Autodromo Nacional', 56),
	(2357, 'Bañado', 56),
	(2358, 'Bella Vista', 56),
	(2359, 'Boca Del Cufre', 56),
	(2360, 'Cagancha', 56),
	(2361, 'Cagancha Chico', 56),
	(2362, 'Cañada Grande', 56),
	(2363, 'Capurro', 56),
	(2364, 'Carreta Quemada', 56),
	(2365, 'Ceramicas Del Sur', 56),
	(2366, 'Chamizo', 56),
	(2367, 'Ciudad Del Plata', 56),
	(2368, 'Cololo Tinosa', 56),
	(2369, 'Colonia America', 56),
	(2370, 'Colonia Delta', 56),
	(2371, 'Colonia Dr. Bernardo Etchepare', 56),
	(2372, 'Colonia Fernandez Crespo', 56),
	(2373, 'Colonia Italia', 56),
	(2374, 'Colonia Juan Maria Perez', 56),
	(2375, 'Colonia San Joaquín', 56),
	(2376, 'Colonia Wilson', 56),
	(2377, 'Coronilla', 56),
	(2378, 'Costa Del Mauricio', 56),
	(2379, 'Costas De Pereira', 56),
	(2380, 'Costas Del Sauce', 56),
	(2381, 'Cruz De Los Caminos', 56),
	(2382, 'Cuchilla De Pereira', 56),
	(2383, 'Cuchilla Del Vichadero', 56),
	(2384, 'Cuchilla Seca', 56),
	(2385, 'Delta El Tigre', 56),
	(2386, 'Ecilda Paullier', 56),
	(2387, 'Escudero', 56),
	(2388, 'Fajardo', 56),
	(2389, 'Fajina', 56),
	(2390, 'Gonzalez', 56),
	(2391, 'Guaycuru', 56),
	(2392, 'Ituzaingo', 56),
	(2393, 'Jesus Maria', 56),
	(2394, 'Juan Soler', 56),
	(2395, 'Juncal', 56),
	(2396, 'Kiyu-ordeig', 56),
	(2397, 'La Boyada', 56),
	(2398, 'La Casilla', 56),
	(2399, 'La Cuchilla', 56),
	(2400, 'Laurel', 56),
	(2401, 'Libertad', 56),
	(2402, 'Mahoma', 56),
	(2403, 'Mal Abrigo', 56),
	(2404, 'Mangrullo', 56),
	(2405, 'Monte Grande', 56),
	(2406, 'Mundo Azul', 56),
	(2407, 'Mundo Azul Aguirre', 56),
	(2408, 'Orillas Del Plata', 56),
	(2409, 'Pachina', 56),
	(2410, 'Panta', 56),
	(2411, 'Pantanoso', 56),
	(2412, 'Parque Postel', 56),
	(2413, 'Parque Postel Cnel. Adrian Medina', 56),
	(2414, 'Paso Belastiqui', 56),
	(2415, 'Paso De Cames', 56),
	(2416, 'Paso De Las Piedras', 56),
	(2417, 'Paso De Mas', 56),
	(2418, 'Paso Del Carreton', 56),
	(2419, 'Paso Del Guaycuru', 56),
	(2420, 'Paso Del Rey', 56),
	(2421, 'Pavon', 56),
	(2422, 'Penino', 56),
	(2423, 'Perico Perez', 56),
	(2424, 'Picada Gambetta', 56),
	(2425, 'Playa Pascual', 56),
	(2426, 'Puntas De Cagancha', 56),
	(2427, 'Puntas De Cañada Grande', 56),
	(2428, 'Puntas De Chamizo', 56),
	(2429, 'Puntas De Gregorío', 56),
	(2430, 'Puntas De Laurel', 56),
	(2431, 'Puntas De Tropa Vieja', 56),
	(2432, 'Puntas De Valdez', 56),
	(2433, 'Radial Ruta 3', 56),
	(2434, 'Rafael Perazza', 56),
	(2435, 'Raigon', 56),
	(2436, 'Rincón De Albano', 56),
	(2437, 'Rincón De Arazati', 56),
	(2438, 'Rincón De Arias', 56),
	(2439, 'Rincón De Buschental', 56),
	(2440, 'Rincón De Cufre', 56),
	(2441, 'Rincón De La Bolsa', 56),
	(2442, 'Rincón De La Torre', 56),
	(2443, 'Rincón De Nazareth', 56),
	(2444, 'Rincón Del Pino', 56),
	(2445, 'Rocho', 56),
	(2446, 'Rodriguez', 56),
	(2447, 'Safici', 56),
	(2448, 'San Fernando', 56),
	(2449, 'San Fernando Chico', 56),
	(2450, 'San Gregorío', 56),
	(2451, 'San José De Mayo', 56),
	(2452, 'Santa Monica', 56),
	(2453, 'Sauce', 56),
	(2454, 'Sauce Chico', 56),
	(2455, 'Scavino', 56),
	(2456, 'Tabarez', 56),
	(2457, 'Tala De Pereira', 56),
	(2458, 'Tranquera Colorada', 56),
	(2459, 'Tropas Viejas', 56),
	(2460, 'Tropezon', 56),
	(2461, 'Valdez Chico', 56),
	(2462, 'Villa Maria', 56),
	(2463, 'Villa Olimpica', 56),
	(2464, 'Villa Rives', 56),
	(2465, 'Zanja Honda', 56),
	(2466, 'Altos Del Perdido', 57),
	(2467, 'Ampliacion Larrañaga', 57),
	(2468, 'Arenal Chico', 57),
	(2469, 'Arroyo Del Medio', 57),
	(2470, 'Arroyo Grande', 57),
	(2471, 'Asencio', 57),
	(2472, 'Azotea De Vera', 57),
	(2473, 'Bajos Del Perdido', 57),
	(2474, 'Bequelo', 57),
	(2475, 'Bizcocho', 57),
	(2476, 'Buena Vista', 57),
	(2477, 'Cañada Magallanes', 57),
	(2478, 'Cañada Nieto', 57),
	(2479, 'Cañada Paraguaya', 57),
	(2480, 'Cardona', 57),
	(2481, 'Castillos', 57),
	(2482, 'Cerro Alegre', 57),
	(2483, 'Cerro Vera', 57),
	(2484, 'Chacras De Dolores', 57),
	(2485, 'Chacras De Mercedes', 57),
	(2486, 'Cololo', 57),
	(2487, 'Colonia Concordia', 57),
	(2488, 'Colonia Diaz', 57),
	(2489, 'Colonia Santa Clara', 57),
	(2490, 'Colonia Uruguaya', 57),
	(2491, 'Coquimbo', 57),
	(2492, 'Corralito', 57),
	(2493, 'Costa Del Aguila', 57),
	(2494, 'Costas Del Perdido', 57),
	(2495, 'Cuatro Bocas De Buena Vista', 57),
	(2496, 'Cuchilla Del Corralito', 57),
	(2497, 'Cuchilla Del Perdido', 57),
	(2498, 'Cueva Del Tigre', 57),
	(2499, 'Dolores', 57),
	(2500, 'Duraznito', 57),
	(2501, 'Egaña', 57),
	(2502, 'El Aguila', 57),
	(2503, 'El Tala', 57),
	(2504, 'Espinillo', 57),
	(2505, 'Garula', 57),
	(2506, 'Grito De Asencio', 57),
	(2507, 'José Enrique Rodo', 57),
	(2508, 'La Concordia', 57),
	(2509, 'La Laguna', 57),
	(2510, 'La Loma', 57),
	(2511, 'La Palma', 57),
	(2512, 'La Tabla', 57),
	(2513, 'Lares', 57),
	(2514, 'Las Maulas', 57),
	(2515, 'Lata Del Perdido', 57),
	(2516, 'Maciel', 57),
	(2517, 'Mercedes', 57),
	(2518, 'Monzon', 57),
	(2519, 'Olivera', 57),
	(2520, 'Palmitas', 57),
	(2521, 'Palo Solo', 57),
	(2522, 'Parada Suarez', 57),
	(2523, 'Paso De La Arena', 57),
	(2524, 'Paso De Ramos', 57),
	(2525, 'Pedro Chico', 57),
	(2526, 'Perseverano', 57),
	(2527, 'Progreso', 57),
	(2528, 'Pueblo Palmar', 57),
	(2529, 'Puntas De Arenales', 57),
	(2530, 'Puntas De Durazno', 57),
	(2531, 'Puntas De San Salvador', 57),
	(2532, 'Puntas Del Tala', 57),
	(2533, 'Rincón De Cañada Nieto', 57),
	(2534, 'Rincón De Cololo', 57),
	(2535, 'Rincón De Ruiz', 57),
	(2536, 'Risso', 57),
	(2537, 'San Dios', 57),
	(2538, 'San Martin', 57),
	(2539, 'Santa Blanca', 57),
	(2540, 'Santa Catalina', 57),
	(2541, 'Sarandí Chico', 57),
	(2542, 'Unidad Cooperaria No 1', 57),
	(2543, 'Villa Alejandrina', 57),
	(2544, 'Villa Darwin', 57),
	(2545, 'Villa Soriano', 57),
	(2546, 'Zanja Honda', 57),
	(2547, 'Achar', 58),
	(2548, 'Ansina', 58),
	(2549, 'Arroyo Del Medio', 58),
	(2550, 'Ataque', 58),
	(2551, 'Balnearío Ipora', 58),
	(2552, 'Bañado De Cañas', 58),
	(2553, 'Bañado De Rocha', 58),
	(2554, 'Barrío La Matutina', 58),
	(2555, 'Barrío Libertad', 58),
	(2556, 'Blanquillos', 58),
	(2557, 'Cañada Del Estado', 58),
	(2558, 'Cañas', 58),
	(2559, 'Caraguata Al Norte', 58),
	(2560, 'Cardoso', 58),
	(2561, 'Cardozo Chico', 58),
	(2562, 'Carpinteria', 58),
	(2563, 'Cerro Batovi', 58),
	(2564, 'Cerro Chato', 58),
	(2565, 'Cerro De Pastoreo', 58),
	(2566, 'Cerro De Pereira', 58),
	(2567, 'Cerro Del Arbolito', 58),
	(2568, 'Cerros De Clara', 58),
	(2569, 'Chamberlain', 58),
	(2570, 'Charata', 58),
	(2571, 'Churchill', 58),
	(2572, 'Cinco Sauces', 58),
	(2573, 'Clara', 58),
	(2574, 'Clavijo', 58),
	(2575, 'Colman', 58),
	(2576, 'Costas De Caraguata', 58),
	(2577, 'Costas De Tres Cruces', 58),
	(2578, 'Coyo Martinez', 58),
	(2579, 'Cruz De Los Caminos', 58),
	(2580, 'Cuchilla De La Casa De Piedra', 58),
	(2581, 'Cuchilla De La Palma', 58),
	(2582, 'Cuchilla De Laureles', 58),
	(2583, 'Cuchilla Del Ombu', 58),
	(2584, 'Curtina', 58),
	(2585, 'El Empalme', 58),
	(2586, 'Estación Menendez', 58),
	(2587, 'Frigorifico Modelo', 58),
	(2588, 'Heriberto', 58),
	(2589, 'La Aldea', 58),
	(2590, 'La Bolsa 01', 58),
	(2591, 'La Bolsa 02', 58),
	(2592, 'La Hilera', 58),
	(2593, 'La Palma', 58),
	(2594, 'La Pedrera', 58),
	(2595, 'Lambare', 58),
	(2596, 'Larrayos', 58),
	(2597, 'Las Arenas', 58),
	(2598, 'Las Chircas', 58),
	(2599, 'Las Pajas', 58),
	(2600, 'Las Toscas', 58),
	(2601, 'Laura', 58),
	(2602, 'Laureles', 58),
	(2603, 'Lavalleja', 58),
	(2604, 'Los Cerros', 58),
	(2605, 'Los Coitinhos', 58),
	(2606, 'Los Cuadrados', 58),
	(2607, 'Los Feos', 58),
	(2608, 'Los Furtados', 58),
	(2609, 'Los Garcia', 58),
	(2610, 'Los Gomez', 58),
	(2611, 'Los Laureles', 58),
	(2612, 'Los Malavares', 58),
	(2613, 'Los Ortices', 58),
	(2614, 'Los Rodriguez', 58),
	(2615, 'Los Rosanos', 58),
	(2616, 'Los Rosas', 58),
	(2617, 'Los Semper', 58),
	(2618, 'Los Vazquez', 58),
	(2619, 'Martinote', 58),
	(2620, 'Minuano', 58),
	(2621, 'Montevideo Chico', 58),
	(2622, 'Once Cerros', 58),
	(2623, 'Pampa', 58),
	(2624, 'Paso Casildo', 58),
	(2625, 'Paso De Ceferino', 58),
	(2626, 'Paso De Las Carretas', 58),
	(2627, 'Paso De Las Flores', 58),
	(2628, 'Paso De Los Novillos', 58),
	(2629, 'Paso De Los Toros', 58),
	(2630, 'Paso De Perez', 58),
	(2631, 'Paso Del Cerro', 58),
	(2632, 'Paso Del Medio', 58),
	(2633, 'Paso Hondo', 58),
	(2634, 'Paso Livindo', 58),
	(2635, 'Paso Victor', 58),
	(2636, 'Peralta', 58),
	(2637, 'Picada De Cuello', 58),
	(2638, 'Pueblo Clavijo', 58),
	(2639, 'Pueblo De Arriba', 58),
	(2640, 'Pueblo Del Barro', 58),
	(2641, 'Punta De Carretera', 58),
	(2642, 'Puntas De Cinco Sauces', 58),
	(2643, 'Puntas De Laureles', 58),
	(2644, 'Rincón De Freitas', 58),
	(2645, 'Rincón De Giloca', 58),
	(2646, 'Rincón De La Aldea', 58),
	(2647, 'Rincón De La Bolsa', 58),
	(2648, 'Rincón De La Laguna', 58),
	(2649, 'Rincón De Los Machado', 58),
	(2650, 'Rincón De Pereira', 58),
	(2651, 'Rincón De Zamora', 58),
	(2652, 'Rincón Del Bonete', 58),
	(2653, 'Rivera Chico', 58),
	(2654, 'San Benito', 58),
	(2655, 'San Gregorío De Polanco', 58),
	(2656, 'San Joaquín', 58),
	(2657, 'Sauce De Batovi', 58),
	(2658, 'Sauce De Tranqueras', 58),
	(2659, 'Sauce Solo', 58),
	(2660, 'Sauce Solo Del Río Negro', 58),
	(2661, 'Tacuarembó', 58),
	(2662, 'Tacuarembó Chico', 58),
	(2663, 'Tierras Coloradas', 58),
	(2664, 'Tres Guitarras', 58),
	(2665, 'Turupi', 58),
	(2666, 'Valle Eden', 58),
	(2667, 'Zambullon', 58),
	(2668, 'Zapara', 58),
	(2669, 'Zapucay', 58),
	(2670, 'Acosta', 59),
	(2671, 'Arrayanes De Cebollati', 59),
	(2672, 'Arrayanes De Corral De Cebollati', 59),
	(2673, 'Arrocera Bonomo', 59),
	(2674, 'Arrocera El Tigre', 59),
	(2675, 'Arrocera La Catumbera', 59),
	(2676, 'Arrocera La Querencia', 59),
	(2677, 'Arrocera Las Palmas', 59),
	(2678, 'Arrocera Los Ceibos', 59),
	(2679, 'Arrocera Los Teros', 59),
	(2680, 'Arrocera Mini', 59),
	(2681, 'Arrocera Procipa', 59),
	(2682, 'Arrocera Rincón', 59),
	(2683, 'Arrocera San Fernando', 59),
	(2684, 'Arrocera Santa Fe', 59),
	(2685, 'Arrocera Zapata', 59),
	(2686, 'Arrozal Treinta Y Tres', 59),
	(2687, 'Averías', 59),
	(2688, 'Avestruz Chico', 59),
	(2689, 'Bañado De Oro', 59),
	(2690, 'Barrío Abreu', 59),
	(2691, 'Cañada Chica', 59),
	(2692, 'Cañada De Las Piedras', 59),
	(2693, 'Cañada Del Sauce', 59),
	(2694, 'Cerro Chato', 59),
	(2695, 'Cerro Pelado', 59),
	(2696, 'Cerros De Amaro', 59),
	(2697, 'Cipa Cebollati', 59),
	(2698, 'Cipa Olimar', 59),
	(2699, 'Cipa Secador', 59),
	(2700, 'Corrales De Cebollati', 59),
	(2701, 'Costas De Tacuari', 59),
	(2702, 'Costas Del Arroyo Malo', 59),
	(2703, 'Costas Del Sarandí', 59),
	(2704, 'Cuchilla De Dionisio', 59),
	(2705, 'Cuchilla De Olmos', 59),
	(2706, 'Ejido De Treinta Y Tres', 59),
	(2707, 'El Bellaco', 59),
	(2708, 'El Carmen', 59),
	(2709, 'El Catete', 59),
	(2710, 'Estación Rincón', 59),
	(2711, 'Gral. Enrique Martinez', 59),
	(2712, 'Higuerones', 59),
	(2713, 'Julio Maria Sanz', 59),
	(2714, 'La Calavera', 59),
	(2715, 'La Calera', 59),
	(2716, 'La Lata', 59),
	(2717, 'Las Chacras', 59),
	(2718, 'Las Pavas', 59),
	(2719, 'Lechiguana De Corrales', 59),
	(2720, 'Los Ceibos', 59),
	(2721, 'Maria Albina', 59),
	(2722, 'Maria Isabel', 59),
	(2723, 'Mate Dulce', 59),
	(2724, 'Mendizabal', 59),
	(2725, 'Molles De Olimar', 59),
	(2726, 'Noques De Olimar Chico', 59),
	(2727, 'Olimar Grande', 59),
	(2728, 'Palo A Pique', 59),
	(2729, 'Panteon', 59),
	(2730, 'Paso Ancho', 59),
	(2731, 'Paso De La Atahona', 59),
	(2732, 'Paso De La Laguna', 59),
	(2733, 'Paso De Piriz', 59),
	(2734, 'Paso Del Sauce', 59),
	(2735, 'Poblado Alonzo', 59),
	(2736, 'Puntas De Leóncho', 59),
	(2737, 'Puntas De Los Ceibos', 59),
	(2738, 'Puntas De Quebracho', 59),
	(2739, 'Puntas Del Oro', 59),
	(2740, 'Puntas Del Parao', 59),
	(2741, 'Rincón De Gadea', 59),
	(2742, 'Rincón De Iguini', 59),
	(2743, 'Rincón De Los Francos', 59),
	(2744, 'Rincón De Quintana', 59),
	(2745, 'Rincón De Urtubey', 59),
	(2746, 'Santa Clara De Olimar', 59),
	(2747, 'Sauce De Corrales', 59),
	(2748, 'Sierra Del Yerbal', 59),
	(2749, 'Siete Casas', 59),
	(2750, 'Treinta Y Tres', 59),
	(2751, 'Verde Alto', 59),
	(2752, 'Vergara', 59),
	(2753, 'Villa Passano', 59),
	(2754, 'Villa Sara', 59),
	(2755, 'Yerbal Chico', 59),
	(2756, 'Yerbalito', 59);

-- Volcando datos para la tabla el_buen_sabor.pais: ~3 rows (aproximadamente)
INSERT INTO `pais` (`id`, `nombre`) VALUES
	(1, 'Argentina'),
	(2, 'Chile'),
	(3, 'Uruguay');

-- Volcando datos para la tabla el_buen_sabor.pedido_venta: ~0 rows (aproximadamente)

-- Volcando datos para la tabla el_buen_sabor.pedido_venta_detalle: ~0 rows (aproximadamente)

-- Volcando datos para la tabla el_buen_sabor.promocion: ~0 rows (aproximadamente)

-- Volcando datos para la tabla el_buen_sabor.promocion_detalle: ~0 rows (aproximadamente)

-- Volcando datos para la tabla el_buen_sabor.provincia: ~59 rows (aproximadamente)
INSERT INTO `provincia` (`id`, `nombre`, `pais_id`) VALUES
	(1, 'Buenos Aires', 1),
	(2, 'Catamarca', 1),
	(3, 'Chaco', 1),
	(4, 'Chubut', 1),
	(5, 'Ciudad Autónoma de Buenos Aires', 1),
	(6, 'Córdoba', 1),
	(7, 'Corrientes', 1),
	(8, 'Entre Ríos', 1),
	(9, 'Formosa', 1),
	(10, 'Jujuy', 1),
	(11, 'La Pampa', 1),
	(12, 'La Rioja', 1),
	(13, 'Mendoza', 1),
	(14, 'Misiones', 1),
	(15, 'Neuquén', 1),
	(16, 'Río Negro', 1),
	(17, 'Salta', 1),
	(18, 'San Juan', 1),
	(19, 'San Luis', 1),
	(20, 'Santa Cruz', 1),
	(21, 'Santa Fe', 1),
	(22, 'Santiago del Estero', 1),
	(23, 'Tierra del Fuego', 1),
	(24, 'Tucumán', 1),
	(25, 'Antofagasta', 2),
	(26, 'Arica y Parinacota', 2),
	(27, 'Atacama', 2),
	(28, 'Coquimbo', 2),
	(29, 'Región Aisén del Gral. Carlos Ibáñez del Campo', 2),
	(30, 'Región de la Araucanía', 2),
	(31, 'Región de Los Lagos', 2),
	(32, 'Región de Los Ríos', 2),
	(33, 'Región de Magallanes y de la Antártica Chilena', 2),
	(34, 'Región del Biobío', 2),
	(35, 'Región del Libertador Gral. Bernardo O’Higgins', 2),
	(36, 'Región del Maule', 2),
	(37, 'Región de Ñuble', 2),
	(38, 'Región Metropolitana de Santiago', 2),
	(39, 'Tarapacá', 2),
	(40, 'Valparaíso', 2),
	(41, 'Artigas', 3),
	(42, 'Canelones', 3),
	(43, 'Cerro Largo', 3),
	(44, 'Colonia', 3),
	(45, 'Durazno', 3),
	(46, 'Flores', 3),
	(47, 'Florida', 3),
	(48, 'Lavalleja', 3),
	(49, 'Maldonado', 3),
	(50, 'Montevideo', 3),
	(51, 'Paysandú', 3),
	(52, 'Río Negro', 3),
	(53, 'Rivera', 3),
	(54, 'Rocha', 3),
	(55, 'Salto', 3),
	(56, 'San José', 3),
	(57, 'Soriano', 3),
	(58, 'Tacuarembó', 3),
	(59, 'Treinta y Tres', 3);

-- Volcando datos para la tabla el_buen_sabor.sucursal_empresa: ~3 rows (aproximadamente)
INSERT INTO `sucursal_empresa` (`id`, `fecha_alta`, `fecha_baja`, `horario_apertura`, `horario_cierre`, `nombre`, `domicilio_id`, `empresa_id`) VALUES
	(1, '2025-08-23', NULL, '20:00', '00:00', 'Sucursal 1', 8, 1),
	(2, '2025-08-23', NULL, '20:00', '00:30', 'Sucursal 2', 10, 2),
	(3, '2025-08-23', NULL, '21:00', '01:00', 'Sucursal 3', 9, 3);

-- Volcando datos para la tabla el_buen_sabor.sucursal_insumo: ~0 rows (aproximadamente)

-- Volcando datos para la tabla el_buen_sabor.unidad_medida: ~6 rows (aproximadamente)
INSERT INTO `unidad_medida` (`id`, `denominacion`) VALUES
	(1, 'Miligramos'),
	(2, 'Gramos'),
	(3, 'Kilogramos'),
	(4, 'Mililitros'),
	(5, 'Litros'),
	(6, 'Unidades');

-- Volcando datos para la tabla el_buen_sabor.usuario: ~23 rows (aproximadamente)
INSERT INTO `usuario` (`id`, `fecha_alta`, `fecha_baja`, `esta_activo`, `password`, `username`, `cliente_id`, `empleado_id`) VALUES
	(1, '2025-09-09', NULL, 1, '$2a$10$63N3IpLiey2IR6qquTI1ueZ/WmPNQYLcMw1K4Xtvk.EeKY7XEmAUq', 'admin', NULL, 1),
	(2, '2025-09-09', NULL, 1, '$2a$10$Clt0xxKcF/oYoc2DKiwKyujpB3p0iWfKq9o9qzA7.RLfRCdRxkhf6', 'cocina', NULL, 2),
	(3, '2025-09-09', NULL, 1, '$2a$10$4iKIPKcTCIdSTBwOxUlCfutqxY7HT4aFKZzC9AxsfxV.LAHU/ntsm', 'delivery', NULL, 3),
	(4, '2025-09-09', NULL, 1, '$2a$10$JERGw21cIxxfeQvbPoLuXuWO67zAUD6i9SnWFa2U1x4m652R48axa', 'juan', 1, NULL),
	(5, '2025-09-09', NULL, 1, '$2a$10$GPt4dcRGdG0bd22snFdNsu5.JoWcEuUvpl6m31edjwMcBL3yUh4B.', 'sofia', 2, NULL),
	(6, '2025-09-09', NULL, 1, '$2a$10$246cezklnPsSuUcoDMzZ1eMc9L1Mvw8ohOBj5uu0wIPA1O998/Am.', 'marcelo', 3, NULL),
	(7, '2025-09-09', NULL, 1, '$2a$10$.82yw4XYJzIWaQLphtpgoeXZw96QzqFBHLkKP5qkJeAv3bSyrFBvG', 'lucia', 4, NULL),
	(8, '2025-09-09', NULL, 1, '$2a$10$Lo.ad7HUiBADGqW4YD1vZuxR1k2OfT4xjdSwTPBuHtqON0uUHWM86', 'ricardo', 5, NULL),
	(9, '2025-09-09', NULL, 1, '$2a$10$7vHb8VhhD7Mm9G6tsm5yDemcXnIV6l8vVXvvQ69cxE2vRVRirlXTu', 'camila', 6, NULL),
	(10, '2025-09-09', NULL, 1, '$2a$10$M9QCzNoPLn9YFPKdHRcvNuHuxBRDPDNJwn3E9JtoahtW5bRN6hSsS', 'lautaro', 7, NULL),
	(11, '2025-09-09', NULL, 1, '$2a$10$QiCOlJioed7gJ8T7dMrujuQqIFpy40ClR/UCQTmq5O67EUPz2tOl.', 'juliana', 8, NULL),
	(12, '2025-09-09', NULL, 1, '$2a$10$MKdGarbuX.7VdDYUE3cSyuYU5idPIzlqwsLPitgywvBmY9Rx7IyeO', 'brenda', 9, NULL),
	(13, '2025-09-09', NULL, 1, '$2a$10$TnrtV8.q8OehcXXgbXBv0uVMNgEyMmd.taUeScGJpqK.wK5SgtYI.', 'diego', 10, NULL),
	(14, '2025-09-09', NULL, 1, '$2a$10$bHHwcCJ7ZnYP/Wglqby5zeRshN7pc2w.1STdaXh8KW/ZzSFdLOLxG', 'francisca', 11, NULL),
	(15, '2025-09-09', NULL, 1, '$2a$10$qV.hbKzPNnnYcduhStKbIuBoftm1Sv7IQSx3kEp0QPY.E61hov7/K', 'luis', 12, NULL),
	(16, '2025-09-09', NULL, 1, '$2a$10$G/sqK/O2BqaB8W.uhtbFHOBwMrcXkiqg4LU/FJOoBmjNXB2T8rVvK', 'daniela', 13, NULL),
	(17, '2025-09-09', NULL, 1, '$2a$10$tb7k6wk5wk2lvd/GeyqOd.D.nHckUv5b4nWEAcoKUKrk8ml8QsAbK', 'jorge', 14, NULL),
	(18, '2025-09-09', NULL, 1, '$2a$10$iz1QuYvZiNOuXq.cacklZOHN8eqbtvBmaLRz2Yz1xAQtuWP/A9qnu', 'sandra', 15, NULL),
	(19, '2025-09-09', NULL, 1, '$2a$10$tYL5h/M4zm7ZlRUmJabyuOFRrPbwp3zWR8vtBoV6/KUoIgJzurAJO', 'federico', 16, NULL),
	(20, '2025-09-09', NULL, 1, '$2a$10$NmFsjkb8II2MRR4oVegb3.3Z4/sUjzKXUJryA/dwS0ZKVNTDjee3q', 'carolina', 17, NULL),
	(21, '2025-09-09', NULL, 1, '$2a$10$OqNrqxCPxn5dZeu3OKE5Nuq.9m7qDYvBbmYGv2WEoaBGZ51cgkQyO', 'sebastian', 18, NULL),
	(22, '2025-09-09', NULL, 1, '$2a$10$9dW3kYngElu3JMqOatlF7ujhjLDCUaCMdXjyU0DsDBRSPm4ZWLy2C', 'laura', 19, NULL),
	(23, '2025-09-09', NULL, 1, '$2a$10$fI98sRIZmLwNcCSeFM5U.e9FArmsjH.qF2mMUjVvF4/sd4v5WfOfa', 'matias', 20, NULL);

/*!40103 SET TIME_ZONE=IFNULL(@OLD_TIME_ZONE, 'system') */;
/*!40101 SET SQL_MODE=IFNULL(@OLD_SQL_MODE, '') */;
/*!40014 SET FOREIGN_KEY_CHECKS=IFNULL(@OLD_FOREIGN_KEY_CHECKS, 1) */;
/*!40101 SET CHARACTER_SET_CLIENT=@OLD_CHARACTER_SET_CLIENT */;
/*!40111 SET SQL_NOTES=IFNULL(@OLD_SQL_NOTES, 1) */;
